model,epoch,train_mse,validation_mse
linear_regression,1,385.51882401172156,367.496487885987
linear_regression,2,375.3825498589415,363.52387722279894
linear_regression,3,371.44067466887816,361.9014606207817
linear_regression,4,377.99937514810307,363.0445531691219
linear_regression,5,379.0315044155581,356.6088773057025
linear_regression,6,370.71984989994655,357.16782489048086
linear_regression,7,374.0410455210774,354.61839694306974
linear_regression,8,378.90441171297994,361.88496595984896
linear_regression,9,377.5212095659439,367.2213473912327
linear_regression,10,370.708716192463,349.4729678806783
linear_regression,11,386.333252354285,361.6526973325369
linear_regression,12,381.3817450833981,363.1215130684403
linear_regression,13,371.40101675996505,352.23962372676664
linear_regression,14,386.996384220786,382.4237508633042
linear_regression,15,368.65128001423676,356.4083674345375
linear_regression,16,392.22964089089743,394.93472740862956
linear_regression,17,371.2166102607858,363.40197498911175
linear_regression,18,371.5052080652237,357.2725889738583
linear_regression,19,374.1107901425999,360.0533257973645
linear_regression,20,403.9754202717697,380.72452339802584
linear_regression,21,375.3983749166863,355.20694772481363
linear_regression,22,400.2664376616258,368.65094571126474
linear_regression,23,367.97143975656064,354.19176640051
linear_regression,24,371.3769281090878,355.5885340821882
linear_regression,25,368.01411433316554,354.60553567641807
linear_regression,26,379.18917670660966,362.075967576442
linear_regression,27,375.2592474288022,361.40493918818635
linear_regression,28,372.2100050196412,355.51392208124906
linear_regression,29,371.21664115642153,353.9268356123909
linear_regression,30,369.874879816129,365.59928412627085
linear_regression,31,373.22483076077873,363.1087760077202
linear_regression,32,376.8945215678248,357.72347557415964
linear_regression,33,378.83019913469525,359.5712763672856
linear_regression,34,375.6199498607713,359.74629110897496
linear_regression,35,377.6048232713824,356.0226376718558
linear_regression,36,382.87563871912124,373.6891254776063
linear_regression,37,386.2573600035447,369.4177972108032
linear_regression,38,380.0688432161689,362.94920822250754
linear_regression,39,366.21545628757895,351.28153685210947
linear_regression,40,367.2863764604246,356.9659858267407
linear_regression,41,370.8770731364864,351.3487080347526
linear_regression,42,373.4098893338519,360.06900977876336
linear_regression,43,373.71027215662184,362.4037169940434
linear_regression,44,369.92335570220183,356.1073004709212
linear_regression,45,366.75093054054065,352.12789967289
linear_regression,46,367.1019437923187,357.86470355504025
linear_regression,47,366.0227180118124,354.75918383497213
linear_regression,48,369.83353624655626,355.97421673245856
linear_regression,49,388.81167298859157,381.25002263774246
linear_regression,50,368.85199146653827,351.2416120514526
linear_regression,51,386.9310117683804,374.8663541151619
linear_regression,52,376.183106656717,367.4230457153472
linear_regression,53,420.26877959794336,414.7090219134763
linear_regression,54,368.6900346113166,352.9568600477672
linear_regression,55,405.11765725182573,378.1027878943726
linear_regression,56,372.84670397328625,352.5198340351486
linear_regression,57,370.2592386489759,353.3275840557352
linear_regression,58,371.2490614673394,355.72929597373314
linear_regression,59,366.3690274916169,351.403485216576
linear_regression,60,366.4125730430306,349.91899052524076
linear_regression,61,365.3405226014621,352.404368099403
linear_regression,62,366.4345519151399,356.81581891107044
linear_regression,63,372.9965391227444,359.6019331038496
linear_regression,64,371.0886870242176,367.01466045164227
linear_regression,65,376.9711553323924,358.7288821093402
linear_regression,66,368.7392390602135,355.1747228952558
linear_regression,67,369.120175646546,353.6008365230657
linear_regression,68,366.37007860680234,351.34284484582236
linear_regression,69,367.5717728447425,352.86622337339054
linear_regression,70,372.7074139049722,371.22178698467536
linear_regression,71,386.260157962983,364.17333834259597
linear_regression,72,365.0407349441353,350.2668919471751
linear_regression,73,373.29382260449654,368.53388459324236
linear_regression,74,379.8809180872455,361.1108468699071
linear_regression,75,368.36146059704987,346.51558589113347
linear_regression,76,374.90779139577825,366.21923976920027
linear_regression,77,380.57652894767904,375.2643889122568
linear_regression,78,373.65320216933753,365.59950143079374
linear_regression,79,365.63686588438594,351.10496188359934
linear_regression,80,366.14965001166644,355.43549279757974
linear_regression,81,368.6997023766357,350.8688368984691
linear_regression,82,366.1443802215045,352.17670476616706
linear_regression,83,376.6482600742943,370.93209503109193
linear_regression,84,368.9568668508396,357.1416668273123
linear_regression,85,369.6826785150598,357.459819089544
linear_regression,86,380.7536514273818,360.3367282344724
linear_regression,87,368.61514423307113,351.3059278535011
linear_regression,88,372.8155322089832,362.5604363317393
linear_regression,89,369.9486018785727,363.5933024003129
linear_regression,90,368.07723505075046,358.3745914618928
linear_regression,91,367.6981549520686,355.5406663023474
linear_regression,92,368.24059533797026,353.5167204934186
linear_regression,93,365.66442798291047,357.30404244141715
linear_regression,94,383.9734997860831,370.2460830404511
linear_regression,95,373.51943603612165,361.7518088373044
linear_regression,96,368.62242052854566,360.7530484304013
linear_regression,97,368.6693768540314,359.75233171955534
linear_regression,98,386.57123893308545,367.73631147116953
linear_regression,99,368.87292147817544,349.14447324180844
linear_regression,100,388.1429249600172,371.95594299390797
linear_regression,101,377.324208908282,364.223973748707
linear_regression,102,369.87207552969835,352.79939393914844
linear_regression,103,379.7423289128061,357.3982516837525
linear_regression,104,388.17688874002636,373.56682491113327
linear_regression,105,379.72933181166337,362.54003476750717
linear_regression,106,371.49110190896073,360.12123744269854
linear_regression,107,369.7824243685283,360.1513007854681
linear_regression,108,366.78244081481506,352.3710876436108
linear_regression,109,375.54612623568386,369.3700646501627
linear_regression,110,371.91473042520965,358.8483564116116
linear_regression,111,369.589963804654,357.7940884351459
linear_regression,112,367.77185309782857,355.0546629631011
linear_regression,113,382.46549810661924,360.5452410863948
linear_regression,114,371.96821052362276,356.7131866149434
linear_regression,115,374.8771086618262,354.24198045305303
linear_regression,116,376.2696731043206,360.9829040507903
linear_regression,117,376.3107779961231,362.3052222838198
linear_regression,118,379.53571091152224,355.3065365741268
linear_regression,119,373.53516770666766,351.1015729624143
linear_regression,120,368.1752623717217,351.70002172025556
linear_regression,121,366.5120930263004,347.8383167357327
linear_regression,122,380.49032420190883,378.29988753239684
linear_regression,123,379.94187417188607,378.9504519026571
linear_regression,124,365.00926639901166,353.38630299281425
linear_regression,125,373.8129392107399,350.67566838969765
linear_regression,126,369.78220509390127,347.2175142352956
linear_regression,127,368.99916474554493,365.7232753149298
linear_regression,128,367.1589495652219,355.0034531970878
linear_regression,129,375.16066005478257,364.64258669480796
linear_regression,130,377.14796538743593,362.2604184042256
linear_regression,131,371.5130731656482,363.9654546386044
linear_regression,132,374.44137936930707,349.0337496336934
linear_regression,133,367.8111584461583,355.5036078222708
linear_regression,134,371.1086037992819,353.41250781985235
linear_regression,135,376.7601577475224,363.53149241689727
linear_regression,136,369.2522495811755,349.95174373981746
linear_regression,137,371.0190843769444,358.8775857967418
linear_regression,138,374.90743305477656,372.16568886372113
linear_regression,139,366.04568535313246,355.31839000216905
linear_regression,140,378.5884565604285,366.3402032940326
linear_regression,141,369.1471967497621,362.3648363289545
linear_regression,142,370.87677826151344,355.7448373467277
linear_regression,143,367.7898226994206,357.8882795918805
linear_regression,144,369.7432774331353,353.44432234490984
linear_regression,145,372.2444729061836,359.8055209788588
linear_regression,146,373.9078031229861,369.1658494407249
linear_regression,147,370.2486064019913,357.503395418163
linear_regression,148,366.5026671542378,354.5833210503921
linear_regression,149,387.5942577954508,371.8575945512084
linear_regression,150,377.05255490971524,375.7614930287039
linear_regression,151,375.1848816786073,374.8889242500833
linear_regression,152,370.71977811310177,356.00280240375434
linear_regression,153,389.32202310080254,379.6077533045847
linear_regression,154,374.8986209151053,363.4809247557558
linear_regression,155,374.77377666681804,355.4512971537701
linear_regression,156,381.23560515224045,372.3092554809235
linear_regression,157,367.99260346773383,353.9514701709198
linear_regression,158,379.1746195283004,363.71803021116096
linear_regression,159,368.8504693031802,355.37530270800687
linear_regression,160,366.01334834443014,355.3247960749397
linear_regression,161,372.6756416067641,359.376676515123
linear_regression,162,377.98169805417854,355.9425918347141
linear_regression,163,374.48638823566745,358.89951074590084
linear_regression,164,370.42650154859564,363.83430888698075
linear_regression,165,376.23815039222103,364.86467603238884
linear_regression,166,388.0569402757967,377.725452658603
linear_regression,167,368.57794118893185,357.821843556648
linear_regression,168,366.17771020268367,352.51943576046443
linear_regression,169,369.8894020532512,351.1728679223183
linear_regression,170,364.9561955819792,346.892541658215
linear_regression,171,394.2202162045007,376.4917460039249
linear_regression,172,368.63421513779986,362.6560639591008
linear_regression,173,367.77769796221503,359.452392914288
linear_regression,174,377.2097566917109,366.94822497748623
linear_regression,175,368.0947491590878,360.35265361047306
linear_regression,176,368.8762907645593,354.70599668822854
linear_regression,177,372.0474325920801,358.3604540920934
linear_regression,178,381.7962012412831,370.6513748983488
linear_regression,179,370.11194931111044,358.9352792652021
linear_regression,180,374.62524718436924,371.3724556827381
linear_regression,181,369.2821588278039,362.35549729189347
linear_regression,182,374.0891318539265,357.083205570106
linear_regression,183,370.3380478658068,355.5348441337877
linear_regression,184,388.55343798527304,374.4708180802056
linear_regression,185,412.2750906321168,392.80178426161564
linear_regression,186,383.2250865222954,360.3878195525313
linear_regression,187,413.98008953977256,396.3652869264704
linear_regression,188,375.7587921219076,366.0961581237672
linear_regression,189,375.27402108308905,355.0580885359999
linear_regression,190,368.96407411862634,358.9278770156705
linear_regression,191,380.3095531223514,365.38738569628487
linear_regression,192,365.9828997591799,349.12717404124777
linear_regression,193,367.2115626490241,360.6884948512618
linear_regression,194,372.44116853858617,350.94730095046674
linear_regression,195,368.04889227214966,347.8829452285978
linear_regression,196,371.86745758612585,366.0233336921955
linear_regression,197,366.8260775574504,353.95486129083247
linear_regression,198,369.2022533326262,357.0840066705449
linear_regression,199,368.9871754892232,350.63983025663197
linear_regression,200,373.82082550686425,363.8304110794627
dnn_8,1,772.6430479102368,762.638392087411
dnn_8,2,604.3696637903049,600.5488863357792
dnn_8,3,548.0109222928078,557.614726411177
dnn_8,4,497.68314080082104,505.13474755009344
dnn_8,5,474.17542282727135,482.30678939490804
dnn_8,6,456.22429569395763,465.88140092949754
dnn_8,7,442.91234672851397,454.73313941850284
dnn_8,8,435.48518714082775,445.53762811398445
dnn_8,9,424.34275954530125,438.24314195164925
dnn_8,10,417.7114250361764,428.3994751797356
dnn_8,11,409.5084981900394,419.67714366574427
dnn_8,12,405.66148412337924,417.2451172982198
dnn_8,13,400.0024920687529,414.20442543533323
dnn_8,14,395.5256297646816,411.296146079522
dnn_8,15,391.9699044638145,406.0761448173247
dnn_8,16,389.2624674327161,404.1805250410974
dnn_8,17,386.2961098083265,401.2618848864093
dnn_8,18,385.0038121267057,399.60266758331903
dnn_8,19,381.24756324805213,396.06092085203
dnn_8,20,380.45730180129686,396.2416321407194
dnn_8,21,377.3432430688147,395.44373454847624
dnn_8,22,375.1990513710586,392.7699972196683
dnn_8,23,373.49209410994786,392.43117622968066
dnn_8,24,371.75414583223284,389.1453580763374
dnn_8,25,369.7790232433397,387.85527406172463
dnn_8,26,368.2904192268179,387.9596642990408
dnn_8,27,367.2657125500393,387.35250250302124
dnn_8,28,365.45931637243933,386.4485876609636
dnn_8,29,363.7359309789353,384.16756971445125
dnn_8,30,362.39354303893253,384.0813303216672
dnn_8,31,360.75974362045156,381.3744510774345
dnn_8,32,359.30813891432575,382.08464166605586
dnn_8,33,358.25063258344113,382.2718594941445
dnn_8,34,357.311017932069,380.9918366850195
dnn_8,35,355.51631670430527,379.8347478635802
dnn_8,36,356.1254239505642,381.0144326081685
dnn_8,37,353.3721375693224,378.5880762111455
dnn_8,38,352.5264755376289,378.8723298066402
dnn_8,39,350.8802913530924,377.52482437505273
dnn_8,40,349.8704711001751,376.55985044043035
dnn_8,41,348.5536063691169,375.5677489402115
dnn_8,42,348.66486428318166,376.95409886421584
dnn_8,43,346.1457463533414,374.2564804215701
dnn_8,44,344.57570426829585,374.1661297797812
dnn_8,45,343.1216127157213,373.84178806872274
dnn_8,46,342.48937911033187,375.0475412461509
dnn_8,47,342.49046594818515,375.89686264171434
dnn_8,48,339.8683608417845,373.05564261411155
dnn_8,49,339.2208720456039,373.54236182950797
dnn_8,50,338.0654134884206,373.35443406101945
dnn_8,51,337.84911505991056,373.6661542245974
dnn_8,52,336.35834663064645,373.072760520606
dnn_8,53,335.51925735791,373.4825975945412
dnn_8,54,335.18761317555345,373.4022900760524
dnn_8,55,334.0628228598867,373.02268389559873
dnn_8,56,333.2026507840857,372.50775716239076
dnn_8,57,332.74999437189626,373.2208438282791
dnn_8,58,332.15243683563307,373.7337537230169
dnn_8,59,331.03075501807126,373.84004066115625
dnn_8,60,330.2708765128174,372.7915230270486
dnn_8,61,329.62150136755986,372.8800334197797
dnn_8,62,328.9960802364278,373.5639783074248
dnn_8,63,328.0395526135836,371.8882626878536
dnn_8,64,327.460253726224,374.0693154095464
dnn_8,65,326.96120229665655,373.3067091922686
dnn_8,66,329.3609151613087,379.01065702641114
dnn_8,67,325.76483774836123,374.6334930344865
dnn_8,68,324.97706280775304,371.95545495382595
dnn_8,69,324.1687105152917,372.3384490722804
dnn_8,70,323.57515254053965,372.08933632036997
dnn_8,71,322.93103047832426,371.11914957614556
dnn_8,72,323.39623352690126,373.6703913258212
dnn_8,73,322.42071949046823,373.5372787021359
dnn_8,74,321.3504108037339,371.07842343582666
dnn_8,75,321.0973874341159,371.6819148704647
dnn_8,76,320.3253529751687,370.76691506857014
dnn_8,77,322.22110998442594,375.0552535229776
dnn_8,78,319.3771488993176,371.10731047195435
dnn_8,79,319.6664811886183,372.48011949302804
dnn_8,80,318.8742540136071,371.81303623800943
dnn_8,81,318.10406654471177,369.76741516118716
dnn_8,82,318.855177616696,369.38279499655965
dnn_8,83,316.99267375527097,368.4904540508415
dnn_8,84,316.6343551687572,368.6739696717998
dnn_8,85,318.21527560376984,370.25752229189715
dnn_8,86,315.77855401323563,367.6366611227673
dnn_8,87,316.6049184810372,368.8156837068278
dnn_8,88,314.89585607229685,367.318159117831
dnn_8,89,314.3846891884497,367.121195352008
dnn_8,90,314.22507695338714,367.6543726252681
dnn_8,91,313.5176228558739,366.941994101249
dnn_8,92,313.3313919018139,366.44227317461275
dnn_8,93,313.6859172225986,368.32159327400154
dnn_8,94,312.2493398696213,366.54564578477107
dnn_8,95,312.22135952149324,366.41692192963217
dnn_8,96,311.66356407076023,366.3371563521754
dnn_8,97,311.2347783409368,367.4872787606468
dnn_8,98,311.44391980782524,367.44363168617093
dnn_8,99,311.24436913600783,366.8485778248908
dnn_8,100,310.13953858441704,365.80824273782133
dnn_8,101,309.8568627507284,364.4197550705959
dnn_8,102,309.58102135118213,365.51527216781096
dnn_8,103,308.98591594555654,364.77512699482105
dnn_8,104,308.76034353221553,366.416868064762
dnn_8,105,308.9372668453839,365.8243114105249
dnn_8,106,309.093292356027,366.7102445058113
dnn_8,107,308.01056910827504,364.39402405550936
dnn_8,108,308.41241037583956,365.05841368048937
dnn_8,109,307.09131301991835,364.7035104932939
dnn_8,110,307.1905145716765,364.06100146355277
dnn_8,111,306.3128476397649,363.9553565182499
dnn_8,112,306.2847979967122,362.6420283060174
dnn_8,113,305.6790086435994,362.979510653998
dnn_8,114,305.38980793849566,361.9245843032583
dnn_8,115,305.47757965703863,361.9267668649504
dnn_8,116,305.09499840940236,362.76589332676076
dnn_8,117,304.59116769676183,362.3942512639624
dnn_8,118,304.93300299828485,362.71982066336
dnn_8,119,305.01495316792887,363.4199272758469
dnn_8,120,303.8937791396996,362.45610320597666
dnn_8,121,303.61314469093594,362.34659423349797
dnn_8,122,303.46848079595105,363.1941684096162
dnn_8,123,303.24541227872606,362.3991339443375
dnn_8,124,302.9753394232157,361.5308155664086
dnn_8,125,303.9105572078808,363.4359060687772
dnn_8,126,302.3624097515346,360.8365440029752
dnn_8,127,302.1085358054432,361.43321648247706
dnn_8,128,302.11847467303977,361.5682147129164
dnn_8,129,301.6941950722739,361.5197994119892
dnn_8,130,301.38258858685816,360.86379267480794
dnn_8,131,301.919217508513,361.74507947034175
dnn_8,132,301.62186605832864,360.82049694467287
dnn_8,133,300.9293443679929,360.70460538932304
dnn_8,134,300.5837505531758,361.54140157894534
dnn_8,135,300.16298627937476,361.04853569804817
dnn_8,136,300.01549727984997,360.0998809334246
dnn_8,137,299.78942384879736,359.9872433121346
dnn_8,138,300.5424920026524,360.9927631989853
dnn_8,139,301.32124059439667,361.38682239602036
dnn_8,140,299.5576313649795,360.60146614994505
dnn_8,141,299.1921509553264,359.84064687835877
dnn_8,142,299.37337647249177,361.9441982132283
dnn_8,143,299.6836383822382,362.17229961891087
dnn_8,144,298.4447898435008,360.8238584252119
dnn_8,145,298.5384609521537,362.0670754061284
dnn_8,146,297.9964915074165,360.2697950752913
dnn_8,147,297.8653309383842,360.38657529324706
dnn_8,148,298.21294856478505,361.3609602547674
dnn_8,149,297.76508832443756,361.3648350632886
dnn_8,150,297.9734451904817,362.3688661285781
dnn_8,151,297.8392591053818,361.74508053630296
dnn_8,152,297.16729985018117,360.9554013408704
dnn_8,153,297.06468350158644,360.6069728662792
dnn_8,154,296.73039161450333,360.2869078337417
dnn_8,155,297.3332195423629,361.12839177831916
dnn_8,156,297.06905665747473,361.7080282310682
dnn_8,157,296.28363635948756,361.149700164008
dnn_8,158,296.02512570083707,361.4790146903997
dnn_8,159,295.9240768374983,360.78125628756146
dnn_8,160,295.7046166344654,361.4247559246522
dnn_8,161,295.62694645104074,361.2591157865351
dnn_8,162,297.12556351991776,362.3480143430182
dnn_8,163,295.26698374570555,361.016186203024
dnn_8,164,294.9390114490013,361.12687938952575
dnn_8,165,296.358791476688,363.0574482901342
dnn_8,166,294.952734644167,360.8071225367119
dnn_8,167,295.2290148585824,361.7186062209356
dnn_8,168,294.81774944391276,361.15054294709745
dnn_8,169,294.27312583563025,360.5173342160838
dnn_8,170,294.3499464045534,360.22560139246684
dnn_8,171,294.1009661284348,361.72058117880215
dnn_8,172,294.2163538078632,361.9411923342904
dnn_8,173,293.8355777910163,361.8521903332956
dnn_8,174,294.19566145992565,361.9233250884437
dnn_8,175,293.6066848423904,361.0695294328166
dnn_8,176,294.1298145317199,361.18918150997007
dnn_8,177,293.14683811104067,361.4748078926171
dnn_8,178,293.0144421189348,361.25642161552565
dnn_8,179,293.06739677390533,361.333074234751
dnn_8,180,293.3489075617456,363.0120804690208
dnn_8,181,296.1698536342659,366.7121322186798
dnn_8,182,292.8347901129267,361.0393189009636
dnn_8,183,292.5949361271073,360.6585899573334
dnn_8,184,292.8120138044941,362.10054047199543
dnn_8,185,292.4495453418812,360.78480327458254
dnn_8,186,292.1046731463132,360.31969819817743
dnn_8,187,291.91968412494896,361.2817131439079
dnn_8,188,292.02805564590864,361.2743550829252
dnn_8,189,292.16057253602617,362.4078888911911
dnn_8,190,292.0668613940759,361.1250624855447
dnn_8,191,294.7601865105288,366.8309412180392
dnn_8,192,292.31088303470324,363.0769835057232
dnn_8,193,292.3209365654365,363.4374172769613
dnn_8,194,291.4847889492101,361.6796268053468
dnn_8,195,293.12255263287324,365.3517093954123
dnn_8,196,291.78656503312016,363.0068672284475
dnn_8,197,290.7883935598741,362.43602947248536
dnn_8,198,290.9273493451595,362.86761597544654
dnn_8,199,290.93278704803913,363.7412373218781
dnn_8,200,290.871603589412,363.88272582696715
dnn_8,201,291.27105559824594,364.92284681798003
dnn_8,202,290.1828088813606,362.2693232443407
dnn_8,203,290.9627537054703,363.15536254915173
dnn_8,204,290.1338087745314,362.53511939241656
dnn_8,205,289.97045668128425,362.43781024934896
dnn_8,206,289.6582409675625,362.5321242982354
dnn_8,207,289.411321371289,362.1792907581177
dnn_8,208,289.4834011705879,363.0075686117361
dnn_8,209,291.1665197991709,363.7440654960161
dnn_8,210,291.6531440239848,367.2754082874103
dnn_8,211,289.604290109385,363.29904827926623
dnn_8,212,288.76809082261116,362.8824827193435
dnn_8,213,290.40005237549343,366.397440908045
dnn_8,214,289.38402803862857,363.5575960034958
dnn_8,215,292.7350569137894,366.2939550526471
dnn_8,216,289.24065506307204,364.2219178570037
dnn_8,217,288.761328551413,364.95991537261614
dnn_8,218,288.1455627123357,364.2119430228123
dnn_8,219,289.44384176735105,365.87825305073954
dnn_8,220,287.8562784611861,363.05987528552106
dnn_8,221,288.1859845343592,364.1826743517163
dnn_8,222,287.9404749609058,364.24322115639626
dnn_8,223,287.542839255246,363.71317192213235
dnn_8,224,287.42164985987563,363.09600763471417
dnn_8,225,287.2982334776616,363.58433958093775
dnn_8,226,288.5014838581027,365.27895360577344
dnn_8,227,287.3140915193379,363.55524981937043
dnn_8,228,287.50066232517736,364.9828624168601
dnn_8,229,287.08572424231977,364.7837426558939
dnn_8,230,286.92277852082407,364.39585693245084
dnn_8,231,289.56751928222684,366.7227675054071
dnn_8,232,287.2840278946408,365.7624764604961
dnn_8,233,286.7254059253634,363.7421597729719
dnn_8,234,286.96363392026797,363.8427187582174
dnn_8,235,286.7235144628944,364.2415633463855
dnn_8,236,286.5140985724559,364.4799551837613
dnn_8,237,287.4728674409711,365.89913199504406
dnn_8,238,286.25603201816836,364.33974777376903
dnn_8,239,286.3201331186063,364.36494160265374
dnn_8,240,286.28517974797126,363.9994013095075
dnn_8,241,287.1160493054275,364.73284053771187
dnn_8,242,285.910102608421,364.54746941979005
dnn_8,243,285.89181046781965,363.8600001911719
dnn_8,244,286.68352600617277,363.97035738392634
dnn_8,245,285.6606159914392,363.82456045499254
dnn_8,246,285.4364482564859,363.91769190496194
dnn_8,247,285.91560492217275,364.60277475342866
dnn_8,248,285.601367665984,364.9461508650766
dnn_8,249,287.2744568376394,365.30523619352823
dnn_8,250,285.2119439844885,362.98269222311256
dnn_16_8,1,635.983675875869,629.1915717800555
dnn_16_8,2,570.4958782863471,566.6416089441886
dnn_16_8,3,530.6138570928283,530.6369449822016
dnn_16_8,4,504.64240370847875,509.5726945930187
dnn_16_8,5,482.39286376879835,491.43659306665205
dnn_16_8,6,464.20160861272507,480.14404789173096
dnn_16_8,7,448.5034705575475,467.0815000981304
dnn_16_8,8,436.84827555375443,456.976617673806
dnn_16_8,9,427.7717988408101,450.72909678657487
dnn_16_8,10,419.74145102803334,445.75948830394907
dnn_16_8,11,412.425273655445,440.13600087070773
dnn_16_8,12,406.3272380265795,435.3213524660013
dnn_16_8,13,400.5803001726819,430.08484008275167
dnn_16_8,14,395.96894213795696,427.2028794910678
dnn_16_8,15,390.037392521642,424.2900814278197
dnn_16_8,16,387.6066813299962,425.0094819450825
dnn_16_8,17,384.19221130191517,422.8702713458634
dnn_16_8,18,379.73578819340696,418.80268609597863
dnn_16_8,19,375.97537297234874,415.9960303460623
dnn_16_8,20,375.053684303922,416.0038924743606
dnn_16_8,21,371.0529013338165,414.0577294760173
dnn_16_8,22,367.75895903937277,411.63945604826495
dnn_16_8,23,366.2343803642863,411.79780285724826
dnn_16_8,24,362.81378175666197,408.2970813186537
dnn_16_8,25,361.4626618590883,406.783537671192
dnn_16_8,26,358.69297706591897,406.45309746531433
dnn_16_8,27,357.2475634019722,406.18866706147116
dnn_16_8,28,354.60103477257314,403.9416261318577
dnn_16_8,29,352.59624668131596,402.2475994921703
dnn_16_8,30,352.3915713538996,403.69409084110447
dnn_16_8,31,348.92393009683195,401.74893523051094
dnn_16_8,32,348.3645424016313,402.19444389639534
dnn_16_8,33,345.98446759428873,400.4799107888031
dnn_16_8,34,343.9380697733859,400.0186442287417
dnn_16_8,35,342.47759534739004,398.53962961733356
dnn_16_8,36,341.8237757136514,398.74212868116757
dnn_16_8,37,340.0124285234752,396.6563425585229
dnn_16_8,38,340.17808568339586,397.7596880135026
dnn_16_8,39,338.29182066528415,396.20591834453575
dnn_16_8,40,336.58508250312354,396.81909289755947
dnn_16_8,41,334.536676920677,394.4429237173678
dnn_16_8,42,333.8930463561064,395.14646482069685
dnn_16_8,43,332.13358152378567,393.53127823860785
dnn_16_8,44,331.02715074582966,393.6367666990747
dnn_16_8,45,332.2129344598889,396.2225859264163
dnn_16_8,46,328.695330666763,391.68023939523783
dnn_16_8,47,327.76452716995124,390.924170281316
dnn_16_8,48,326.61269415433804,389.9880801193288
dnn_16_8,49,326.53641480746774,390.1860228862013
dnn_16_8,50,324.95479234000726,389.26044386131446
dnn_16_8,51,323.92054478699123,389.08562976756366
dnn_16_8,52,322.979636590005,389.1066485024544
dnn_16_8,53,322.3016497430338,388.5693611866479
dnn_16_8,54,321.1936795551437,388.4884516424134
dnn_16_8,55,320.397777037984,387.86187615821484
dnn_16_8,56,319.60558846242293,388.29709092387407
dnn_16_8,57,319.9285307075803,387.89484140632277
dnn_16_8,58,317.67637611612577,386.87682800482213
dnn_16_8,59,317.064112420303,386.9895655881749
dnn_16_8,60,317.36060010513745,387.25361274115204
dnn_16_8,61,315.5022392428948,386.72033208425574
dnn_16_8,62,314.7650559134835,386.258500606231
dnn_16_8,63,314.58803230679933,385.19131359001057
dnn_16_8,64,314.1761660038817,387.86320782122675
dnn_16_8,65,312.5847010482913,385.3182869771193
dnn_16_8,66,311.9614838410029,385.97108116778156
dnn_16_8,67,311.7713325411197,385.5911807236965
dnn_16_8,68,310.9588790374568,385.1325927101444
dnn_16_8,69,310.014604267373,385.54561178910876
dnn_16_8,70,309.7514448352791,385.30487966977785
dnn_16_8,71,309.1912445448943,386.18102518155445
dnn_16_8,72,309.38806795518707,385.44107654065306
dnn_16_8,73,307.67465900182265,385.1647278542697
dnn_16_8,74,308.5939912818834,387.13355237004856
dnn_16_8,75,306.75033923934683,386.00687897339634
dnn_16_8,76,307.1593522687334,386.00560099648266
dnn_16_8,77,305.2340710570378,385.1205315152697
dnn_16_8,78,304.7732508624599,383.95707509015176
dnn_16_8,79,304.28525364606725,383.9918458161416
dnn_16_8,80,303.9500824906642,384.33838234656895
dnn_16_8,81,303.85885956483173,383.4735296750481
dnn_16_8,82,303.1477434506226,384.87460209739106
dnn_16_8,83,302.31437591350686,384.15670416463274
dnn_16_8,84,301.653631892105,384.08664224596896
dnn_16_8,85,301.6715358752678,383.98739286184855
dnn_16_8,86,301.05395120435537,384.05793151098555
dnn_16_8,87,300.4569682905901,383.0437247380882
dnn_16_8,88,302.4285512774217,386.06469255197226
dnn_16_8,89,299.5958443310705,383.8709080119155
dnn_16_8,90,300.27842153741983,385.71689617193374
dnn_16_8,91,298.70293446396647,384.7773271349906
dnn_16_8,92,298.5179831110695,384.5643513089914
dnn_16_8,93,300.5696338498187,389.4180322196359
dnn_16_8,94,297.2027715154035,386.2907218830203
dnn_16_8,95,296.93688612103017,385.2550737066687
dnn_16_8,96,296.54298536750565,385.01540102707645
dnn_16_8,97,295.8428209179181,385.2616363568575
dnn_16_8,98,295.46142120840943,385.05706736435644
dnn_16_8,99,294.96154497217873,385.1739363993733
dnn_16_8,100,294.59103920832285,384.93239583786135
dnn_16_8,101,294.11294681931656,385.07248092101673
dnn_16_8,102,294.7178483302529,385.9616961222089
dnn_16_8,103,293.82582250633357,385.7199538749278
dnn_16_8,104,293.01768925509356,385.2014355484736
dnn_16_8,105,293.78319616834455,385.75814235890414
dnn_16_8,106,292.7484767546152,386.0426928552746
dnn_16_8,107,293.5891246380963,388.13418860239506
dnn_16_8,108,291.75570803394226,387.48405167484685
dnn_16_8,109,291.1469289941879,387.0371496007422
dnn_16_8,110,293.017430524324,390.12966628423226
dnn_16_8,111,290.40525775888267,386.0740519742952
dnn_16_8,112,290.9416699532058,387.1581761939688
dnn_16_8,113,289.6153591243774,386.1268372471821
dnn_16_8,114,289.2202516054323,386.92990736585665
dnn_16_8,115,288.8424528310205,387.1695683155784
dnn_16_8,116,289.90809421105024,390.0722095165232
dnn_16_8,117,288.19118521129315,387.5819819630628
dnn_16_8,118,287.9327607718044,388.1060426037092
dnn_16_8,119,287.2855664543933,388.21142142256423
dnn_16_8,120,288.42628615122106,391.52604555389416
dnn_16_8,121,286.5271783323303,388.8604152703922
dnn_16_8,122,286.5479481456202,389.5115422429447
dnn_16_8,123,286.58076840694827,390.20511381264555
dnn_16_8,124,285.36819787537183,389.93290350863504
dnn_16_8,125,284.93225171378356,390.82893168512885
dnn_16_8,126,284.84442532629686,390.45442822439753
dnn_16_8,127,284.2799627871336,390.7363689511425
dnn_16_8,128,284.0676724739569,390.8665734976495
dnn_16_8,129,284.2596540249719,391.33465877065356
dnn_16_8,130,283.7588590946625,391.3799739982881
dnn_16_8,131,283.29677680859794,392.75341330417
dnn_16_8,132,282.85966572812555,392.6457933269292
dnn_16_8,133,282.1913362929788,391.2333391473016
dnn_16_8,134,281.84079229919416,392.2881001452514
dnn_16_8,135,281.9234763470248,392.63501877964745
dnn_16_8,136,281.1002222798221,393.45897867997417
dnn_16_8,137,281.5447377064881,393.44566346779516
dnn_16_8,138,280.9212098059372,394.1233377090529
dnn_16_8,139,280.39166441598076,394.2385600878413
dnn_16_8,140,280.0283809650783,394.2984285724173
dnn_16_8,141,279.7583790766166,394.61986764837235
dnn_16_8,142,279.91589477018545,396.6001977666294
dnn_16_8,143,279.1169426842865,395.9111997663531
dnn_16_8,144,279.1921861670975,395.179266778112
dnn_16_8,145,278.57042816757075,394.9399457807763
dnn_16_8,146,278.33702422555046,395.8931012742458
dnn_16_8,147,277.8043832250632,394.9177318409431
dnn_16_8,148,278.24526697826485,396.84379875568925
dnn_16_8,149,276.95167588395054,396.59955353916234
dnn_16_8,150,277.09477605417527,396.3330392474746
dnn_16_8,151,276.9702134390436,395.62790228603245
dnn_16_8,152,275.9721571173558,395.724072027965
dnn_16_8,153,275.8296659995137,396.2654754738627
dnn_16_8,154,275.6132687296524,396.4488658724139
dnn_16_8,155,275.3671125250298,397.04787031312196
dnn_16_8,156,275.20864976767496,397.23486753166077
dnn_16_8,157,275.40166372607615,399.10541069409163
dnn_16_8,158,274.9928895486509,398.27675059349804
dnn_16_8,159,274.11854250941855,397.1685460591091
dnn_16_8,160,273.8031652193998,397.77078978700865
dnn_16_8,161,273.7025653358353,397.43292394409144
dnn_16_8,162,275.30227303578823,401.7968271038902
dnn_16_8,163,273.5376727888125,398.77559034734224
dnn_16_8,164,272.8823515560471,398.4230277480468
dnn_16_8,165,272.18752637837673,399.5495049439638
dnn_16_8,166,272.12298056215917,399.5098114123842
dnn_16_8,167,272.12122885739177,399.10428192452383
dnn_16_8,168,272.58053790873106,401.27793747653993
dnn_16_8,169,271.24043983277943,399.0151049037802
dnn_16_8,170,270.8663806838987,400.0272318853429
dnn_16_8,171,270.7059636625247,400.1199100646462
dnn_16_8,172,272.0292869589743,401.10563922537074
dnn_16_8,173,270.7026898463295,402.16115960832894
dnn_16_8,174,270.9609183234283,402.5258880986227
dnn_16_8,175,269.43205311754696,401.2905052677983
dnn_16_8,176,269.5320798955298,400.4631801917812
dnn_16_8,177,268.7843622245604,402.07516477341096
dnn_16_8,178,268.556745980118,401.94122726325037
dnn_16_8,179,269.345664983846,403.5804222160317
dnn_16_8,180,269.5723887899378,405.15480177198896
dnn_16_8,181,269.3499422105003,404.92818807915177
dnn_16_8,182,267.76565501484924,401.74115815030166
dnn_16_8,183,268.0479665121114,402.51066171628935
dnn_16_8,184,268.1056048672772,403.15646675766635
dnn_16_8,185,267.4607744151516,402.89935032588136
dnn_16_8,186,266.4033920226262,402.3339044310106
dnn_16_8,187,266.3570921821794,403.8457505191618
dnn_16_8,188,266.2395718417263,402.9740280334857
dnn_16_8,189,266.17811451438763,403.10098002030236
dnn_16_8,190,266.95742897956205,402.8938597954595
dnn_16_8,191,266.5302933898835,405.44408870711504
dnn_16_8,192,267.1375138201837,406.53942436846876
dnn_16_8,193,265.2048848572509,404.67696587083583
dnn_16_8,194,264.494480697575,402.95202080489673
dnn_16_8,195,264.1886648122568,403.88541336434247
dnn_16_8,196,264.13827206385173,403.40792400877206
dnn_16_8,197,263.7840134026643,404.1976579396835
dnn_16_8,198,263.3013839409916,403.8164004589138
dnn_16_8,199,263.3762658213386,404.73628367574514
dnn_16_8,200,262.868360247523,404.7312012918079
dnn_16_8,201,262.9191132702444,405.0645191967388
dnn_16_8,202,262.25021726087016,403.20168920557813
dnn_16_8,203,263.09677689208235,402.9365268854111
dnn_16_8,204,262.2755017208534,404.3714144583526
dnn_16_8,205,263.0521021560328,404.7046041204522
dnn_16_8,206,262.28070974150927,405.64407315017286
dnn_16_8,207,261.9646205454327,404.9323252108454
dnn_16_8,208,260.8853978866864,403.77210375308516
dnn_16_8,209,261.36305553895613,403.02780549806863
dnn_16_8,210,260.9272530674715,402.36769529531756
dnn_16_8,211,260.764848990587,404.2981292528845
dnn_16_8,212,259.90473657724243,402.959567112374
dnn_16_8,213,260.24737260627944,403.67346887843354
dnn_16_8,214,259.88203370762426,405.4633228770131
dnn_16_8,215,261.6623043028618,406.1811188427438
dnn_16_8,216,259.3453527230771,405.7069043111566
dnn_16_8,217,260.66583234466583,408.41554227592906
dnn_16_8,218,259.19907943065317,404.5410990399282
dnn_16_8,219,258.34974617025375,404.23325115363315
dnn_16_8,220,258.2842185063439,405.05313690563787
dnn_16_8,221,258.7870310170578,407.2520168369594
dnn_16_8,222,258.76975502029626,405.05469346459347
dnn_16_8,223,257.2897415719604,404.4611908327936
dnn_16_8,224,257.36718639617703,404.33663186380784
dnn_16_8,225,257.0974222144401,404.21223585205416
dnn_16_8,226,256.6994299300603,404.708128175998
dnn_16_8,227,257.0743252986666,405.0819023859214
dnn_16_8,228,257.78880884640597,407.9515496799655
dnn_16_8,229,255.9649113136637,405.91265737146915
dnn_16_8,230,255.91485027471853,405.89154716181093
dnn_16_8,231,257.19595887501544,407.7648754078668
dnn_16_8,232,256.03776348313045,405.4784088125335
dnn_16_8,233,255.34492805763443,404.69407845482175
dnn_16_8,234,255.72480678811573,404.97396139114016
dnn_16_8,235,254.91309693639053,405.62203283467437
dnn_16_8,236,254.80501890415508,406.67152811110094
dnn_16_8,237,254.79959770073503,406.12215346405674
dnn_16_8,238,254.27914116876187,405.7589055857402
dnn_16_8,239,254.8903876627863,405.31658556683135
dnn_16_8,240,254.41155710603752,406.08851289608873
dnn_16_8,241,253.79948016549037,406.9492695151074
dnn_16_8,242,253.74828789568653,407.4504532264396
dnn_16_8,243,253.9854182152583,408.6041445244578
dnn_16_8,244,255.64260640817156,408.27946211116677
dnn_16_8,245,252.8384694125009,405.34229376289795
dnn_16_8,246,252.78219338057443,406.3429737239496
dnn_16_8,247,252.7338208021556,407.1195111249258
dnn_16_8,248,252.32927489976643,407.8139815575695
dnn_16_8,249,253.50354299133153,409.78168878102673
dnn_16_8,250,253.7621256928966,411.11950628550676
dnn_16_8_4,1,675.4239684951037,722.7634505831429
dnn_16_8_4,2,637.3346803334134,667.7292821923706
dnn_16_8_4,3,603.2182268542388,626.6309463719151
dnn_16_8_4,4,570.1733754813871,585.735376074508
dnn_16_8_4,5,545.6420821697402,565.4121165579431
dnn_16_8_4,6,522.831546355784,545.3317948355598
dnn_16_8_4,7,502.8520616072578,525.1254777283777
dnn_16_8_4,8,487.7663186708433,508.5418494407332
dnn_16_8_4,9,474.46088058264934,491.5326120757114
dnn_16_8_4,10,461.6267929070642,478.42386128521855
dnn_16_8_4,11,450.9507667549738,465.55960960493917
dnn_16_8_4,12,443.1229170781623,453.52457901725626
dnn_16_8_4,13,435.2287281246744,444.6838960708744
dnn_16_8_4,14,429.86479867396736,438.8314127082208
dnn_16_8_4,15,424.6175230131644,431.6042988181494
dnn_16_8_4,16,420.04818187598937,427.156476927751
dnn_16_8_4,17,415.97872253097245,422.088829864276
dnn_16_8_4,18,412.9861380615549,419.6180999323101
dnn_16_8_4,19,409.4606103699614,414.9826565546989
dnn_16_8_4,20,406.4729471867365,411.89577300064275
dnn_16_8_4,21,403.4825415194695,408.9850091569436
dnn_16_8_4,22,400.71435288669414,406.2525253104742
dnn_16_8_4,23,398.12104817517735,403.58123109945626
dnn_16_8_4,24,396.13452927832645,401.80710942339203
dnn_16_8_4,25,393.3893264890845,397.2363440315477
dnn_16_8_4,26,391.06354977546573,397.8382970305394
dnn_16_8_4,27,387.9479513980675,394.471559432618
dnn_16_8_4,28,385.6179365542172,392.1727085089552
dnn_16_8_4,29,383.1498209392449,390.1621782168685
dnn_16_8_4,30,381.0749824946366,388.3675677044101
dnn_16_8_4,31,378.46577418586475,387.15694365504737
dnn_16_8_4,32,376.12771006380154,385.3043718792174
dnn_16_8_4,33,374.89433546460737,385.7882325032868
dnn_16_8_4,34,372.1114663073538,383.57347803314946
dnn_16_8_4,35,369.9163588443496,381.70114069667903
dnn_16_8_4,36,368.1125365340271,381.3461207380341
dnn_16_8_4,37,366.2857218462747,380.326664205135
dnn_16_8_4,38,364.3483339634841,379.3552842503013
dnn_16_8_4,39,362.945362434109,378.1480885411209
dnn_16_8_4,40,361.6329088833448,379.57023099234186
dnn_16_8_4,41,359.4123050871193,377.94896919354784
dnn_16_8_4,42,357.76611913708973,376.55214689440203
dnn_16_8_4,43,356.57242905122104,375.93695574371424
dnn_16_8_4,44,354.9579750383406,375.7740536422474
dnn_16_8_4,45,354.3909591273964,377.599226551915
dnn_16_8_4,46,352.0812878698544,375.4369354018257
dnn_16_8_4,47,350.9640341822989,375.31669434920667
dnn_16_8_4,48,349.8489129404927,375.30976202161526
dnn_16_8_4,49,349.9026570221452,376.19158721538
dnn_16_8_4,50,348.44729160726786,376.0820047544872
dnn_16_8_4,51,347.1952568489576,375.13735635563467
dnn_16_8_4,52,346.4032711218977,375.3354461536137
dnn_16_8_4,53,345.35568864224314,373.54753642358236
dnn_16_8_4,54,343.95254526137495,373.2005699722601
dnn_16_8_4,55,343.68934435046856,374.2292431724232
dnn_16_8_4,56,342.34705136518346,373.08707582619365
dnn_16_8_4,57,341.4568806773656,372.0273496844582
dnn_16_8_4,58,340.53726418232145,372.091597469016
dnn_16_8_4,59,339.7286647413807,371.341973611303
dnn_16_8_4,60,338.87812343317114,371.64165748085634
dnn_16_8_4,61,337.9805631244765,370.99986193212277
dnn_16_8_4,62,337.17319848222945,370.6635722139115
dnn_16_8_4,63,336.1530255440368,370.04215531649726
dnn_16_8_4,64,335.4734941372381,369.1459981003065
dnn_16_8_4,65,334.838687883992,368.788087575472
dnn_16_8_4,66,333.6981287664561,368.414061472776
dnn_16_8_4,67,332.8078625804752,369.1034585659173
dnn_16_8_4,68,331.9914560705041,368.6338662413419
dnn_16_8_4,69,331.0705361736939,368.0430188570124
dnn_16_8_4,70,330.1913259926031,368.37626628674644
dnn_16_8_4,71,329.4369748671722,367.835732801568
dnn_16_8_4,72,328.60877952106085,366.87463814658565
dnn_16_8_4,73,328.0408988528229,367.1580330253471
dnn_16_8_4,74,327.6738643179496,367.90951799040437
dnn_16_8_4,75,326.4812190687384,367.42273088205303
dnn_16_8_4,76,328.1229553653476,366.92321071884464
dnn_16_8_4,77,325.2325374928653,368.2417233776929
dnn_16_8_4,78,324.47274656957296,367.4438482822499
dnn_16_8_4,79,323.8744946895054,366.7288332442001
dnn_16_8_4,80,322.8676239165003,367.64748180547156
dnn_16_8_4,81,322.3158612779098,368.2887900940318
dnn_16_8_4,82,321.7508879621988,367.7788551937894
dnn_16_8_4,83,321.38417911016734,367.66938651607006
dnn_16_8_4,84,320.74763910261674,368.2342627554676
dnn_16_8_4,85,319.7853185635966,367.5928057942692
dnn_16_8_4,86,319.37331823613437,367.8870471566829
dnn_16_8_4,87,318.7759929093881,367.3644904693238
dnn_16_8_4,88,318.93985760609695,368.61989227401307
dnn_16_8_4,89,317.4871140644981,366.8598527522827
dnn_16_8_4,90,317.2415794674644,367.1908941236865
dnn_16_8_4,91,316.4425363103129,366.3648161152755
dnn_16_8_4,92,316.4119291537442,367.63188834338524
dnn_16_8_4,93,317.08079380716356,368.7920512987768
dnn_16_8_4,94,315.1925367329445,366.7376531394145
dnn_16_8_4,95,314.34064995812224,366.0108297408299
dnn_16_8_4,96,313.8174616457972,366.0599038479222
dnn_16_8_4,97,313.92808413444885,367.10587938534746
dnn_16_8_4,98,313.17090498215055,366.6301159023787
dnn_16_8_4,99,312.8764262365929,366.7881290340927
dnn_16_8_4,100,311.96627915622764,365.96177054039515
dnn_16_8_4,101,311.5532721909216,365.48661413402397
dnn_16_8_4,102,311.2690474160832,366.30204020155486
dnn_16_8_4,103,310.72052977103476,365.94226827846705
dnn_16_8_4,104,310.50790946109123,365.99492358354456
dnn_16_8_4,105,310.05941170860183,365.8745261544902
dnn_16_8_4,106,309.62729895265664,365.1087974333892
dnn_16_8_4,107,309.23781213603104,365.74272898139714
dnn_16_8_4,108,308.7003004845077,365.3287230500878
dnn_16_8_4,109,308.4460607118142,365.45704672500625
dnn_16_8_4,110,308.0387958006863,365.27305290193743
dnn_16_8_4,111,307.5478686960177,364.90838394424344
dnn_16_8_4,112,308.12408581585055,364.5487531561061
dnn_16_8_4,113,306.92573506775017,364.24847613977676
dnn_16_8_4,114,306.515869185519,364.6851591558036
dnn_16_8_4,115,306.2629840110779,364.21451382240866
dnn_16_8_4,116,306.5528429282855,365.20344242646854
dnn_16_8_4,117,305.4183074016531,364.0362041872405
dnn_16_8_4,118,305.21618013851383,364.11703807352296
dnn_16_8_4,119,304.81268585140674,364.03778474716853
dnn_16_8_4,120,305.06876387143114,363.87308737851856
dnn_16_8_4,121,304.21888402977737,364.0121368501558
dnn_16_8_4,122,304.05258821582527,364.0246199162959
dnn_16_8_4,123,305.0303268335871,364.08066159810005
dnn_16_8_4,124,303.262388154367,364.0462175887719
dnn_16_8_4,125,302.75662794107876,363.9977954790677
dnn_16_8_4,126,302.36007644428844,363.89819189642054
dnn_16_8_4,127,302.3661663336316,364.84144438562686
dnn_16_8_4,128,301.7239748517676,364.6531741006333
dnn_16_8_4,129,301.66872949672876,364.2385380047392
dnn_16_8_4,130,301.4314892152799,364.44501176349183
dnn_16_8_4,131,301.02006729880924,364.6803941858598
dnn_16_8_4,132,300.5367765467581,364.10512190913704
dnn_16_8_4,133,299.96097064935446,363.7301074545856
dnn_16_8_4,134,299.8854892688528,363.6104809484391
dnn_16_8_4,135,299.7179909843846,363.79498497660455
dnn_16_8_4,136,299.03101061420057,364.0655431996844
dnn_16_8_4,137,299.11260081742245,364.4445628312746
dnn_16_8_4,138,298.4187518820495,363.3856740488837
dnn_16_8_4,139,298.6258331335211,364.35341817568957
dnn_16_8_4,140,298.38534903625606,363.99933834141126
dnn_16_8_4,141,298.2730752517918,363.3978817317749
dnn_16_8_4,142,297.7456042420543,363.4140693017422
dnn_16_8_4,143,297.306768980669,363.50175894239726
dnn_16_8_4,144,296.87598423957587,363.12621620702896
dnn_16_8_4,145,296.9675067138611,363.7130872219556
dnn_16_8_4,146,296.176369267785,363.23397760770695
dnn_16_8_4,147,295.772815619805,362.60364582281267
dnn_16_8_4,148,295.50320769342056,362.72883839617174
dnn_16_8_4,149,295.4577427719753,363.0434867091812
dnn_16_8_4,150,295.25946170667197,363.00569288362686
dnn_16_8_4,151,294.7664851611991,362.9213560157639
dnn_16_8_4,152,294.51547180119235,362.507803368426
dnn_16_8_4,153,294.1701625412615,362.56239240913277
dnn_16_8_4,154,293.86723175718475,362.6629865172152
dnn_16_8_4,155,293.62019118306404,362.4193699255286
dnn_16_8_4,156,293.64570795912755,362.5734678750313
dnn_16_8_4,157,293.19736482292603,362.5139537998375
dnn_16_8_4,158,293.32505886223754,362.26319708076886
dnn_16_8_4,159,292.708323211943,362.5735709781183
dnn_16_8_4,160,292.45966322478,362.09046224097096
dnn_16_8_4,161,292.07751915796734,361.7063017266668
dnn_16_8_4,162,292.55437302777386,361.868788310228
dnn_16_8_4,163,291.62151200546435,361.50694313614065
dnn_16_8_4,164,291.16470482496095,361.39917616578884
dnn_16_8_4,165,290.9560593260359,361.5877242333193
dnn_16_8_4,166,290.85639304786946,361.41424209409206
dnn_16_8_4,167,290.7725234453404,361.1030347487761
dnn_16_8_4,168,292.08198997785473,361.7950018391334
dnn_16_8_4,169,290.2394333461139,361.3082676885746
dnn_16_8_4,170,289.97962087314335,360.9350567997608
dnn_16_8_4,171,289.55445785505304,361.0824067225052
dnn_16_8_4,172,289.53077622381454,361.2970228147207
dnn_16_8_4,173,289.43210700336647,361.0181300678645
dnn_16_8_4,174,290.1722095694357,361.81930630725384
dnn_16_8_4,175,289.00961963003044,361.24520555870356
dnn_16_8_4,176,288.65909515761086,361.2376904071534
dnn_16_8_4,177,288.4058615169208,361.2841320468152
dnn_16_8_4,178,288.0572642073766,361.0549426371432
dnn_16_8_4,179,288.017446993627,361.2408775130945
dnn_16_8_4,180,288.0211298703173,361.9696537210115
dnn_16_8_4,181,287.61561147342405,361.8042502608836
dnn_16_8_4,182,287.0861755449348,361.36576613798564
dnn_16_8_4,183,287.48767248141814,361.61454963723605
dnn_16_8_4,184,286.93065028336673,361.27339921567284
dnn_16_8_4,185,286.5748343528206,361.09085475329874
dnn_16_8_4,186,286.33585910089334,360.7708829998151
dnn_16_8_4,187,286.0241468155152,360.93387685020514
dnn_16_8_4,188,286.1884174289713,360.8192412613336
dnn_16_8_4,189,285.78329743002513,360.84316962309543
dnn_16_8_4,190,285.6502984076132,360.855106660515
dnn_16_8_4,191,285.49903846721526,360.6465107944668
dnn_16_8_4,192,285.0903300818977,360.4590055754849
dnn_16_8_4,193,285.3548438633863,361.1177498775749
dnn_16_8_4,194,284.5232329847045,360.10517004766274
dnn_16_8_4,195,284.3896905766492,360.3541391201464
dnn_16_8_4,196,284.37382699116614,360.5570040544954
dnn_16_8_4,197,284.12057589244966,360.3466491235048
dnn_16_8_4,198,283.9181091360625,360.7315454149164
dnn_16_8_4,199,283.452196085299,360.6040690408384
dnn_16_8_4,200,283.32786184653486,360.0164153701473
dnn_16_8_4,201,283.36945820576744,360.57164151506095
dnn_16_8_4,202,282.87192315938796,359.6785962158558
dnn_16_8_4,203,282.9599093235153,360.01575370264965
dnn_16_8_4,204,284.2797963506885,361.05777125132573
dnn_16_8_4,205,283.3087322255741,361.06021401632216
dnn_16_8_4,206,281.99177253666056,360.2352564368169
dnn_16_8_4,207,281.95788876750345,360.06754292333227
dnn_16_8_4,208,281.45237003674663,360.03864471566305
dnn_16_8_4,209,281.41637965949457,359.7318335203667
dnn_16_8_4,210,281.89059900473984,359.5434181059595
dnn_16_8_4,211,281.3600493836089,359.74231870322427
dnn_16_8_4,212,280.5708571888831,359.5396210875695
dnn_16_8_4,213,280.5014097720751,359.54138279317243
dnn_16_8_4,214,280.20484167797866,359.8945018041857
dnn_16_8_4,215,280.14021465705997,360.80683532075153
dnn_16_8_4,216,279.87500161213904,360.6489020411192
dnn_16_8_4,217,281.0036963681532,361.63570785609994
dnn_16_8_4,218,279.37621804614895,360.23523520281327
dnn_16_8_4,219,279.20326339748186,360.4116494857077
dnn_16_8_4,220,279.40987362334926,360.6749477787178
dnn_16_8_4,221,278.6371558153855,360.59522494176866
dnn_16_8_4,222,279.0843086097151,361.2369694916042
dnn_16_8_4,223,278.32403640748424,360.49243555202696
dnn_16_8_4,224,278.0199302903387,360.7434308552273
dnn_16_8_4,225,277.73301059459527,360.38630887882033
dnn_16_8_4,226,277.44212360743967,359.96231776028986
dnn_16_8_4,227,277.34870336078,359.5771779698277
dnn_16_8_4,228,277.3248645410436,360.11623289597395
dnn_16_8_4,229,277.0309559014133,360.3437867041463
dnn_16_8_4,230,276.6454757253749,359.77523274344003
dnn_16_8_4,231,276.91882607979335,360.74648058541266
dnn_16_8_4,232,276.06179813182837,359.69679829334734
dnn_16_8_4,233,276.06719432987813,359.3019213370198
dnn_16_8_4,234,275.7276606051355,359.605455285988
dnn_16_8_4,235,275.2817980874503,359.4272600774773
dnn_16_8_4,236,275.12204152794516,359.25451799592986
dnn_16_8_4,237,274.8762471317187,359.1892688867942
dnn_16_8_4,238,274.5553288718022,359.1592377626143
dnn_16_8_4,239,274.6483750819157,359.8445336707509
dnn_16_8_4,240,274.34355291643556,359.823663982487
dnn_16_8_4,241,274.1325106811445,359.7107623908166
dnn_16_8_4,242,274.1029419997711,359.8201121787378
dnn_16_8_4,243,273.41409070490124,359.836398022909
dnn_16_8_4,244,273.46432151988853,359.69032041527885
dnn_16_8_4,245,273.1567164233953,360.20591432432275
dnn_16_8_4,246,272.7560708395489,360.2554502143733
dnn_16_8_4,247,272.25120382269364,360.55733081641245
dnn_16_8_4,248,272.14214759462334,360.92827330578484
dnn_16_8_4,249,271.98360814961984,360.3693699893435
dnn_16_8_4,250,272.32516424400205,361.09232452398675
dnn_16_8_4_huber,1,688.9641766033127,735.1596735194634
dnn_16_8_4_huber,2,654.185786816972,689.114120121917
dnn_16_8_4_huber,3,627.0870001585631,652.050108289649
dnn_16_8_4_huber,4,602.7238857015304,617.9553255804585
dnn_16_8_4_huber,5,581.160214971855,591.0597834423355
dnn_16_8_4_huber,6,561.57557436978,570.1342885794206
dnn_16_8_4_huber,7,541.7889775727708,553.4765509351997
dnn_16_8_4_huber,8,524.5014560828749,538.5952071473866
dnn_16_8_4_huber,9,509.9901935300203,523.8740797043998
dnn_16_8_4_huber,10,497.7534301149201,509.9314456668326
dnn_16_8_4_huber,11,486.4116388486271,496.2135707788002
dnn_16_8_4_huber,12,477.0171193723336,484.1979245959189
dnn_16_8_4_huber,13,468.3631545922332,472.407349788708
dnn_16_8_4_huber,14,461.42820407848325,464.91072208526634
dnn_16_8_4_huber,15,453.1983289909358,454.94485811490017
dnn_16_8_4_huber,16,446.87421586356686,448.12722151413243
dnn_16_8_4_huber,17,441.6806371847017,441.5326756853284
dnn_16_8_4_huber,18,437.28326025565116,436.41775002412027
dnn_16_8_4_huber,19,432.83149524162275,430.51293291591355
dnn_16_8_4_huber,20,429.14175622290816,426.6391007234627
dnn_16_8_4_huber,21,425.38083971054556,421.8888483216585
dnn_16_8_4_huber,22,421.51589824572403,417.2856547740497
dnn_16_8_4_huber,23,418.1349392771577,414.15220875522226
dnn_16_8_4_huber,24,414.8269730504776,411.1468590347044
dnn_16_8_4_huber,25,411.96326179327383,407.75834533813264
dnn_16_8_4_huber,26,409.6490227854038,407.84961094461903
dnn_16_8_4_huber,27,407.06548608505756,404.99629936266246
dnn_16_8_4_huber,28,405.3430544155938,403.94791121945667
dnn_16_8_4_huber,29,402.80464312150923,401.4191578183108
dnn_16_8_4_huber,30,400.72478765470066,399.4771866996199
dnn_16_8_4_huber,31,398.7176305298491,398.2178043722634
dnn_16_8_4_huber,32,396.6477723391549,396.679082775798
dnn_16_8_4_huber,33,395.1731402905982,396.55052537776487
dnn_16_8_4_huber,34,392.9456093325395,394.6411429517005
dnn_16_8_4_huber,35,391.09492157667034,392.18347159852834
dnn_16_8_4_huber,36,389.57361134990515,391.9879845627637
dnn_16_8_4_huber,37,387.8660514639114,390.46768026872076
dnn_16_8_4_huber,38,386.3033297395385,389.7856616570301
dnn_16_8_4_huber,39,384.61125288872233,388.8099791912503
dnn_16_8_4_huber,40,382.8605982352495,388.74263778672764
dnn_16_8_4_huber,41,381.12198357565205,387.59295650211556
dnn_16_8_4_huber,42,379.4430765731115,386.5710714860996
dnn_16_8_4_huber,43,377.84160371498996,385.4640378958455
dnn_16_8_4_huber,44,376.2385653376327,384.98177170772254
dnn_16_8_4_huber,45,374.8221900133612,385.73368083140474
dnn_16_8_4_huber,46,373.0775870061955,384.070432412106
dnn_16_8_4_huber,47,371.6815020335177,382.8001051426904
dnn_16_8_4_huber,48,370.1462214305048,382.6429156899639
dnn_16_8_4_huber,49,369.2955458043639,382.923766388225
dnn_16_8_4_huber,50,367.70084378949286,382.13177869327995
dnn_16_8_4_huber,51,366.5735580517324,381.8567976598215
dnn_16_8_4_huber,52,365.23925199916715,381.12930539744536
dnn_16_8_4_huber,53,364.12045792634456,379.964109168665
dnn_16_8_4_huber,54,362.6708872601283,379.17449142489886
dnn_16_8_4_huber,55,361.4885808567002,379.35017239766506
dnn_16_8_4_huber,56,359.97003889297054,378.3675747684318
dnn_16_8_4_huber,57,358.71261051753044,376.51703998840736
dnn_16_8_4_huber,58,357.5197047613615,376.5197674344389
dnn_16_8_4_huber,59,356.97510219825506,375.5967768437187
dnn_16_8_4_huber,60,355.47615140735553,376.9610586826316
dnn_16_8_4_huber,61,354.29574143996786,376.193418567465
dnn_16_8_4_huber,62,353.33199538221265,376.3615362821931
dnn_16_8_4_huber,63,352.2382523875778,375.88569376835204
dnn_16_8_4_huber,64,351.3971544102492,375.3209814631713
dnn_16_8_4_huber,65,350.94415054797054,374.94745933281797
dnn_16_8_4_huber,66,349.5157457880059,375.4588615517899
dnn_16_8_4_huber,67,348.57174773594016,375.5340898010629
dnn_16_8_4_huber,68,347.8542868287323,376.0108754191154
dnn_16_8_4_huber,69,347.0005273933078,375.74020584370805
dnn_16_8_4_huber,70,346.07027414674087,376.1604459213042
dnn_16_8_4_huber,71,345.2222343677584,376.55234554897385
dnn_16_8_4_huber,72,344.28645791427607,375.6299916130081
dnn_16_8_4_huber,73,343.5442893906281,375.20264910519234
dnn_16_8_4_huber,74,342.821308838753,375.3413253636729
dnn_16_8_4_huber,75,341.80492803833135,374.9191433172479
dnn_16_8_4_huber,76,341.1293890390055,374.08223633680814
dnn_16_8_4_huber,77,339.781785446588,374.48124459421854
dnn_16_8_4_huber,78,339.1668010536191,374.4792038612472
dnn_16_8_4_huber,79,338.3786962371802,373.91950360512834
dnn_16_8_4_huber,80,337.69926085945895,373.9865839386755
dnn_16_8_4_huber,81,337.01737746280486,374.3065870462615
dnn_16_8_4_huber,82,336.357964653918,373.9110980534989
dnn_16_8_4_huber,83,335.67063067845083,373.95732109889803
dnn_16_8_4_huber,84,334.8622862698809,374.044863542945
dnn_16_8_4_huber,85,333.81238861454636,373.5357974995984
dnn_16_8_4_huber,86,333.2177496912144,373.4631822694106
dnn_16_8_4_huber,87,332.7510673634854,373.8272951106441
dnn_16_8_4_huber,88,332.31312153247285,374.2187423991883
dnn_16_8_4_huber,89,331.4173063638183,373.36986212850985
dnn_16_8_4_huber,90,330.90493194603664,373.9117915034294
dnn_16_8_4_huber,91,330.19081354450725,373.39438391022975
dnn_16_8_4_huber,92,329.67373071118215,373.77624229410225
dnn_16_8_4_huber,93,329.8906105773279,374.61754737136766
dnn_16_8_4_huber,94,328.66613774493675,373.6106915061213
dnn_16_8_4_huber,95,328.06522744162174,373.2204107085015
dnn_16_8_4_huber,96,327.53735830397807,373.20549255354354
dnn_16_8_4_huber,97,326.975243517042,373.6072298534961
dnn_16_8_4_huber,98,326.3163442707215,373.9024719591616
dnn_16_8_4_huber,99,325.86675114356785,374.2604374850842
dnn_16_8_4_huber,100,325.1887370215761,373.8703428375951
dnn_16_8_4_huber,101,324.75409458914885,374.02635376439935
dnn_16_8_4_huber,102,324.1777129697429,374.3816190082953
dnn_16_8_4_huber,103,323.6570443109942,374.513364480671
dnn_16_8_4_huber,104,323.1508190385411,374.507919943728
dnn_16_8_4_huber,105,322.54250926972213,374.61426261905706
dnn_16_8_4_huber,106,322.123497230189,374.1936402989897
dnn_16_8_4_huber,107,321.5931728644312,374.4750651039722
dnn_16_8_4_huber,108,321.1149979565655,374.1856038965662
dnn_16_8_4_huber,109,320.5113177513893,374.8067454992764
dnn_16_8_4_huber,110,319.8078060973181,374.503225889927
dnn_16_8_4_huber,111,319.2389055203292,374.6279736785958
dnn_16_8_4_huber,112,319.74767574466915,374.190397150674
dnn_16_8_4_huber,113,318.47697244499597,373.67385668726575
dnn_16_8_4_huber,114,317.56979017264274,373.97290982699747
dnn_16_8_4_huber,115,317.0455843499311,374.06781006087783
dnn_16_8_4_huber,116,316.7232146954036,375.0038175699315
dnn_16_8_4_huber,117,315.9377285763005,374.4064707978456
dnn_16_8_4_huber,118,315.5846190138014,374.8340091090953
dnn_16_8_4_huber,119,314.9733626748411,374.7770188963494
dnn_16_8_4_huber,120,315.17196834273733,374.75938614922615
dnn_16_8_4_huber,121,314.1117437363838,374.7429096603232
dnn_16_8_4_huber,122,313.4417190772352,375.34874106250373
dnn_16_8_4_huber,123,314.2476613388835,375.67908371935914
dnn_16_8_4_huber,124,312.92967910753924,375.5978464446491
dnn_16_8_4_huber,125,312.11549553876387,375.9006625399383
dnn_16_8_4_huber,126,311.72398658260886,376.30972182439535
dnn_16_8_4_huber,127,311.32430914778723,376.0731950431437
dnn_16_8_4_huber,128,310.8367487554863,376.05032318752507
dnn_16_8_4_huber,129,311.14108994670204,375.633954182549
dnn_16_8_4_huber,130,310.87726092905626,375.64844090819633
dnn_16_8_4_huber,131,309.76764178725085,376.2674508607074
dnn_16_8_4_huber,132,309.4340541660976,375.3227412716515
dnn_16_8_4_huber,133,308.92519556920286,375.82230551239707
dnn_16_8_4_huber,134,308.65965747107924,375.45135026246686
dnn_16_8_4_huber,135,308.4109662891658,375.0693886605812
dnn_16_8_4_huber,136,307.77302394919894,376.0163157572974
dnn_16_8_4_huber,137,307.4365750600843,376.0319674697969
dnn_16_8_4_huber,138,307.0338779430989,375.5134052610432
dnn_16_8_4_huber,139,306.5904565309321,375.81902823140166
dnn_16_8_4_huber,140,306.2839668624024,375.9127646491522
dnn_16_8_4_huber,141,306.2462460062709,376.10958870920695
dnn_16_8_4_huber,142,306.0202400803283,375.8978398374092
dnn_16_8_4_huber,143,305.7018198719553,375.0202121891915
dnn_16_8_4_huber,144,305.42614780983706,375.0712131802993
dnn_16_8_4_huber,145,304.71793177198396,375.79355460232057
dnn_16_8_4_huber,146,304.15303374142536,374.9987321552553
dnn_16_8_4_huber,147,303.8832552378678,375.11804514526375
dnn_16_8_4_huber,148,303.4758394199287,374.71241878804193
dnn_16_8_4_huber,149,303.2970784415099,375.3847980437887
dnn_16_8_4_huber,150,303.00931560120137,375.4490831643106
dnn_16_8_4_huber,151,302.2132652126895,375.2257020697279
dnn_16_8_4_huber,152,301.82771012358893,375.3184730470023
dnn_16_8_4_huber,153,301.41656495069924,375.22947732005275
dnn_16_8_4_huber,154,300.9674963790597,375.75049238605857
dnn_16_8_4_huber,155,300.9035459443865,375.89527086757846
dnn_16_8_4_huber,156,300.55225630525797,375.9812160827144
dnn_16_8_4_huber,157,300.37106214186747,376.8694373396251
dnn_16_8_4_huber,158,300.21560595739913,375.9656901504836
dnn_16_8_4_huber,159,299.43326296974084,376.6605905734661
dnn_16_8_4_huber,160,299.3008713957118,377.07805163114966
dnn_16_8_4_huber,161,298.95126954505486,375.2234374089914
dnn_16_8_4_huber,162,299.54307980697365,376.2161816036635
dnn_16_8_4_huber,163,298.15598671063424,376.3707784842674
dnn_16_8_4_huber,164,297.98523237579366,376.19889494861366
dnn_16_8_4_huber,165,297.7804120192431,377.1566516879698
dnn_16_8_4_huber,166,297.4545370449413,376.0385725332107
dnn_16_8_4_huber,167,297.41697696794677,376.2359672825537
dnn_16_8_4_huber,168,298.3072794662514,376.83409379890315
dnn_16_8_4_huber,169,296.4057042522179,376.59204512138166
dnn_16_8_4_huber,170,296.0652076371357,376.10094632749633
dnn_16_8_4_huber,171,295.81636445006933,376.3091501739757
dnn_16_8_4_huber,172,295.61254433286547,376.80767495438977
dnn_16_8_4_huber,173,295.61017373780237,376.9335076640418
dnn_16_8_4_huber,174,296.51810296799016,377.09470295259945
dnn_16_8_4_huber,175,295.1840446957169,376.44662053873753
dnn_16_8_4_huber,176,294.74830503893406,376.1547661835373
dnn_16_8_4_huber,177,294.37300666031217,376.9137418703637
dnn_16_8_4_huber,178,294.1234966101316,376.54213944873743
dnn_16_8_4_huber,179,294.03660261936,376.62226665938016
dnn_16_8_4_huber,180,293.72539005904247,377.1020539612005
dnn_16_8_4_huber,181,293.3668001146356,376.82113786998957
dnn_16_8_4_huber,182,293.365394685631,375.6417144357504
dnn_16_8_4_huber,183,293.3848211995051,375.688024472513
dnn_16_8_4_huber,184,292.720942762548,376.11819909542794
dnn_16_8_4_huber,185,292.68207625153104,376.40623869239914
dnn_16_8_4_huber,186,292.5856128741673,376.0450372921495
dnn_16_8_4_huber,187,292.06128164867596,376.1746962302534
dnn_16_8_4_huber,188,291.8767442291156,376.16797743710833
dnn_16_8_4_huber,189,291.59707825164287,375.9008769817081
dnn_16_8_4_huber,190,291.8863985817266,375.2416673721216
dnn_16_8_4_huber,191,291.15013658545826,375.3369531169371
dnn_16_8_4_huber,192,291.06054946639625,376.3171562464242
dnn_16_8_4_huber,193,291.0613014548138,376.8987431819603
dnn_16_8_4_huber,194,290.5215274875909,375.83116524760294
dnn_16_8_4_huber,195,290.5515239984792,375.678961259185
dnn_16_8_4_huber,196,290.2074539491069,374.93503160061965
dnn_16_8_4_huber,197,290.0766575554539,374.4300224232135
dnn_16_8_4_huber,198,289.98910066259344,374.88101017777734
dnn_16_8_4_huber,199,289.72589126575275,374.82392090728683
dnn_16_8_4_huber,200,289.28970651159267,375.0605014312037
dnn_16_8_4_huber,201,289.43086142756044,374.68452179149307
dnn_16_8_4_huber,202,289.1057956764865,374.155494397543
dnn_16_8_4_huber,203,289.1282273996114,374.89673663091435
dnn_16_8_4_huber,204,290.9774971873167,374.97796092285216
dnn_16_8_4_huber,205,289.5381420799849,374.4288759502787
dnn_16_8_4_huber,206,288.17919384302513,374.9701358423782
dnn_16_8_4_huber,207,288.1348720908455,375.3947544214764
dnn_16_8_4_huber,208,287.7984122713688,375.43472976932674
dnn_16_8_4_huber,209,287.8789865311719,374.2854430101308
dnn_16_8_4_huber,210,287.5291759506191,374.018756664998
dnn_16_8_4_huber,211,287.4715187388687,373.7305322424262
dnn_16_8_4_huber,212,286.9635512857449,373.73895128640055
dnn_16_8_4_huber,213,286.8717715691781,374.1836831154691
dnn_16_8_4_huber,214,286.59802533360545,373.86649722975164
dnn_16_8_4_huber,215,286.76710515922366,373.69563181779637
dnn_16_8_4_huber,216,286.38193999265974,373.65086926535815
dnn_16_8_4_huber,217,286.8984398621399,375.26978345650167
dnn_16_8_4_huber,218,285.8327846362402,373.6088871244197
dnn_16_8_4_huber,219,285.74696401363616,373.004207826262
dnn_16_8_4_huber,220,286.12597170363307,372.85481231127005
dnn_16_8_4_huber,221,285.59327449209775,374.3456555619203
dnn_16_8_4_huber,222,287.2620580264787,374.74899349107795
dnn_16_8_4_huber,223,284.92128296184535,374.0576267449888
dnn_16_8_4_huber,224,284.7309183157278,373.5726174339542
dnn_16_8_4_huber,225,284.83235186415254,373.0450762897339
dnn_16_8_4_huber,226,284.164131334061,373.51431815417806
dnn_16_8_4_huber,227,284.09835691486956,373.57241409449887
dnn_16_8_4_huber,228,283.8471758935831,373.1547250937302
dnn_16_8_4_huber,229,283.81041473041927,373.1582735661738
dnn_16_8_4_huber,230,283.3375731881143,372.7984537703602
dnn_16_8_4_huber,231,284.3557619337785,373.59236170269816
dnn_16_8_4_huber,232,283.2777105972762,373.1529272905665
dnn_16_8_4_huber,233,282.9151543906644,372.6807524713715
dnn_16_8_4_huber,234,283.00483298112937,372.74949656156207
dnn_16_8_4_huber,235,282.4276055421117,372.73345809419783
dnn_16_8_4_huber,236,282.37000013229033,371.9867004840403
dnn_16_8_4_huber,237,282.181318015802,373.00366107217235
dnn_16_8_4_huber,238,281.97621736700853,372.0189969099686
dnn_16_8_4_huber,239,282.20685321537263,372.2513130351778
dnn_16_8_4_huber,240,282.05595251367447,372.1756761558234
dnn_16_8_4_huber,241,281.5505569666803,372.3516381277149
dnn_16_8_4_huber,242,282.08656442306705,372.25326144054884
dnn_16_8_4_huber,243,280.99838044318057,372.478131947965
dnn_16_8_4_huber,244,281.126017504965,371.63063060168685
dnn_16_8_4_huber,245,281.01028899425376,371.92741167450237
dnn_16_8_4_huber,246,280.6568080995608,372.2320795695507
dnn_16_8_4_huber,247,280.6804460683331,371.48025730631997
dnn_16_8_4_huber,248,280.810771673522,371.3609779760744
dnn_16_8_4_huber,249,280.45256735312,372.00418061956884
dnn_16_8_4_huber,250,279.8811665634026,372.5356824509811
dnn_30_16_8_4,1,779.1757550498868,816.0621620740677
dnn_30_16_8_4,2,754.8304468355977,793.4023466927661
dnn_30_16_8_4,3,735.6144616886581,771.4329791789256
dnn_30_16_8_4,4,704.3979235606081,739.4700267442532
dnn_30_16_8_4,5,653.8709600929114,684.0971252565593
dnn_30_16_8_4,6,612.6449387078668,633.5633718841717
dnn_30_16_8_4,7,585.2069066557701,602.5172964920728
dnn_30_16_8_4,8,568.0704968487308,583.4138527000938
dnn_30_16_8_4,9,549.8835946521255,561.7793185222287
dnn_30_16_8_4,10,536.3730899111398,546.8615912507623
dnn_30_16_8_4,11,519.0598110123516,529.3466542917628
dnn_30_16_8_4,12,506.99354920124364,517.6372082156875
dnn_30_16_8_4,13,496.5342218878272,506.91350362457916
dnn_30_16_8_4,14,482.11009415662625,491.59331119974917
dnn_30_16_8_4,15,472.1682313341011,480.65781646741107
dnn_30_16_8_4,16,462.5967289586537,470.6000190425658
dnn_30_16_8_4,17,455.88015108526514,463.66191064842286
dnn_30_16_8_4,18,446.35474113572894,452.8009908778548
dnn_30_16_8_4,19,440.83299269830326,447.94542261499265
dnn_30_16_8_4,20,434.33511288616734,441.5851065016628
dnn_30_16_8_4,21,426.6473608851762,433.0232765654121
dnn_30_16_8_4,22,421.07088470392915,428.47173149138746
dnn_30_16_8_4,23,414.9449746007993,422.1338601379415
dnn_30_16_8_4,24,409.9917795028377,417.10262354456324
dnn_30_16_8_4,25,411.2054634243897,414.9681003226025
dnn_30_16_8_4,26,404.0723819484067,414.21344926929294
dnn_30_16_8_4,27,398.53489117310545,406.2371101716514
dnn_30_16_8_4,28,393.1322727767443,403.19700768548734
dnn_30_16_8_4,29,389.7006837542051,401.78345021573165
dnn_30_16_8_4,30,386.214144923745,398.9595480908302
dnn_30_16_8_4,31,383.07340085794146,396.67499450253575
dnn_30_16_8_4,32,379.3787502776718,393.91562655152256
dnn_30_16_8_4,33,377.05488621981635,391.53753301239743
dnn_30_16_8_4,34,375.03293070064893,393.2533214481818
dnn_30_16_8_4,35,376.229444328671,395.2244819296249
dnn_30_16_8_4,36,369.4352951067715,387.2299527899717
dnn_30_16_8_4,37,369.3822661794032,389.58145819729043
dnn_30_16_8_4,38,365.11674078034974,386.74622767308847
dnn_30_16_8_4,39,363.2777196437806,385.26524515074897
dnn_30_16_8_4,40,361.47962584475385,384.6424388776464
dnn_30_16_8_4,41,362.8007718425422,387.08539878493576
dnn_30_16_8_4,42,362.00578749655983,389.25174887478
dnn_30_16_8_4,43,357.1954565380244,381.9842333635363
dnn_30_16_8_4,44,356.8091673077311,384.51064294638036
dnn_30_16_8_4,45,352.97779829944625,379.9302044539303
dnn_30_16_8_4,46,351.87053866955915,379.8516940753748
dnn_30_16_8_4,47,351.17893834887803,381.6413730329418
dnn_30_16_8_4,48,348.53107461045005,378.6478188522471
dnn_30_16_8_4,49,347.52779088537307,377.7329712523419
dnn_30_16_8_4,50,356.7379952122418,384.8919587169363
dnn_30_16_8_4,51,344.25875888878693,374.5927828947995
dnn_30_16_8_4,52,342.3961334159644,375.1315547851642
dnn_30_16_8_4,53,345.31098811285494,378.85386978615765
dnn_30_16_8_4,54,339.66632261115154,372.5368007968863
dnn_30_16_8_4,55,339.4652947509202,373.9179623674999
dnn_30_16_8_4,56,338.0442816987402,371.2198064719486
dnn_30_16_8_4,57,338.19222516550616,372.39583666139373
dnn_30_16_8_4,58,340.6149014863533,375.9466111855853
dnn_30_16_8_4,59,333.99783355221075,369.3569725867923
dnn_30_16_8_4,60,332.78875014836683,369.59930379542266
dnn_30_16_8_4,61,335.08396281880096,373.7942686779259
dnn_30_16_8_4,62,332.0306300317169,369.78801701414085
dnn_30_16_8_4,63,330.104129302278,369.76479246915454
dnn_30_16_8_4,64,328.48373400966733,368.5226863546108
dnn_30_16_8_4,65,337.392076969235,376.68254188657005
dnn_30_16_8_4,66,330.176912794166,370.80992602187405
dnn_30_16_8_4,67,326.79849431731105,368.25000253135863
dnn_30_16_8_4,68,326.4305926986282,367.59397800348546
dnn_30_16_8_4,69,323.5697281339718,363.8836173720676
dnn_30_16_8_4,70,321.87738154164174,365.6430964771483
dnn_30_16_8_4,71,322.3971967608068,364.2564328144265
dnn_30_16_8_4,72,321.58739496459094,365.40394392526946
dnn_30_16_8_4,73,321.26261004537565,366.851193219802
dnn_30_16_8_4,74,320.8449242504027,366.6220563206107
dnn_30_16_8_4,75,317.1670118880808,363.43483551350056
dnn_30_16_8_4,76,337.8939408176622,381.65584995883216
dnn_30_16_8_4,77,315.0811152923559,361.84263804364633
dnn_30_16_8_4,78,316.12665218358603,363.7483307305739
dnn_30_16_8_4,79,313.0697516688636,361.7516796643798
dnn_30_16_8_4,80,314.7581617012999,362.07340746595446
dnn_30_16_8_4,81,311.92872524045606,362.28511924755685
dnn_30_16_8_4,82,310.9475003486961,361.99362488042226
dnn_30_16_8_4,83,309.21721923439986,363.0522242014176
dnn_30_16_8_4,84,323.4776351439008,373.886385182369
dnn_30_16_8_4,85,308.6510120788285,362.21269327320005
dnn_30_16_8_4,86,309.00428250022753,361.20968900691565
dnn_30_16_8_4,87,306.02661727465164,361.9333651222141
dnn_30_16_8_4,88,304.84182196606673,361.9286788113564
dnn_30_16_8_4,89,305.2866325429066,361.76622342329586
dnn_30_16_8_4,90,303.19483295670636,363.0095911571211
dnn_30_16_8_4,91,314.6241518744768,372.1818591609517
dnn_30_16_8_4,92,302.638489317492,363.7992592640734
dnn_30_16_8_4,93,300.2138806414599,361.9959605185372
dnn_30_16_8_4,94,299.9143707816833,361.31014003284963
dnn_30_16_8_4,95,299.4297896025817,360.6544267577104
dnn_30_16_8_4,96,297.69390408942246,362.63362882677325
dnn_30_16_8_4,97,296.652723605256,359.9130366285729
dnn_30_16_8_4,98,296.0337669566227,362.7250615908032
dnn_30_16_8_4,99,296.3285413144082,363.521329299595
dnn_30_16_8_4,100,297.67516970968325,363.76096612472566
dnn_30_16_8_4,101,294.47000320077734,363.97556728205376
dnn_30_16_8_4,102,293.1196310755224,364.21240692048866
dnn_30_16_8_4,103,292.0170090294455,362.2408851605219
dnn_30_16_8_4,104,291.9738449236849,365.70945852294517
dnn_30_16_8_4,105,294.50230133381746,365.81476694035166
dnn_30_16_8_4,106,289.5769450312421,360.9735653329047
dnn_30_16_8_4,107,289.975756394486,366.3207638244074
dnn_30_16_8_4,108,288.30370184491017,361.03841491613525
dnn_30_16_8_4,109,295.30777954857354,370.3165976191656
dnn_30_16_8_4,110,287.57042754843366,363.3906266939037
dnn_30_16_8_4,111,284.9553376282571,362.5940435863333
dnn_30_16_8_4,112,283.999309365589,361.8088278331099
dnn_30_16_8_4,113,285.0572715376752,362.05915295670053
dnn_30_16_8_4,114,283.33468575324383,361.10908841297874
dnn_30_16_8_4,115,281.2327569990952,360.9454441281445
dnn_30_16_8_4,116,282.36609831321033,360.9014468712869
dnn_30_16_8_4,117,280.05252016207334,363.80167695362763
dnn_30_16_8_4,118,281.4845409806654,366.42308312140375
dnn_30_16_8_4,119,279.1999535535224,363.7258323482834
dnn_30_16_8_4,120,277.0708241298699,361.714692166099
dnn_30_16_8_4,121,277.95581166136884,366.52446574223495
dnn_30_16_8_4,122,285.345794516782,371.90973028898253
dnn_30_16_8_4,123,278.8950238065521,361.84961652687144
dnn_30_16_8_4,124,277.4287907668735,364.01514243366324
dnn_30_16_8_4,125,273.47356503543944,362.16653378836816
dnn_30_16_8_4,126,272.69823061161156,362.1424965496844
dnn_30_16_8_4,127,273.42764080438906,363.54265020989646
dnn_30_16_8_4,128,272.31460124811815,362.70665676999454
dnn_30_16_8_4,129,271.96893455894894,364.6710327889847
dnn_30_16_8_4,130,270.53374345485395,362.9163389308627
dnn_30_16_8_4,131,269.82416106721854,363.4763684835213
dnn_30_16_8_4,132,270.55350608313455,363.84960441655704
dnn_30_16_8_4,133,269.5660717179387,362.8259441348419
dnn_30_16_8_4,134,266.49517024770773,362.69778126026455
dnn_30_16_8_4,135,266.99629127070295,360.99207259818104
dnn_30_16_8_4,136,265.19905724427633,362.25348423519796
dnn_30_16_8_4,137,269.0359137762044,369.5639679844036
dnn_30_16_8_4,138,276.02235233258875,376.496313244775
dnn_30_16_8_4,139,264.4948604166118,365.7538452244178
dnn_30_16_8_4,140,273.53999989466905,370.007439348943
dnn_30_16_8_4,141,269.3162104301167,367.8919259421789
dnn_30_16_8_4,142,262.59475971286844,362.77823031371037
dnn_30_16_8_4,143,261.3204753203978,362.2936615170694
dnn_30_16_8_4,144,259.75496044384346,363.85003704654747
dnn_30_16_8_4,145,260.3216114016268,364.934082577573
dnn_30_16_8_4,146,259.5177795170093,365.4598469164522
dnn_30_16_8_4,147,267.78220523274103,369.902754555148
dnn_30_16_8_4,148,257.4257156330416,363.95627116900056
dnn_30_16_8_4,149,257.83587422318203,363.981691533659
dnn_30_16_8_4,150,257.27238029503053,363.34567161939685
dnn_30_16_8_4,151,255.65458127886697,364.43363544849734
dnn_30_16_8_4,152,258.4894364257574,366.8993753237693
dnn_30_16_8_4,153,254.62392290169328,364.4908168701176
dnn_30_16_8_4,154,258.46868801061413,365.83948414981995
dnn_30_16_8_4,155,253.08468654861304,363.2680983769939
dnn_30_16_8_4,156,253.6011783201257,364.9510662590934
dnn_30_16_8_4,157,255.76119111334637,368.3418633475128
dnn_30_16_8_4,158,261.3890408903322,370.4398822503161
dnn_30_16_8_4,159,251.6533864943339,366.15123170983696
dnn_30_16_8_4,160,259.8344365104898,377.7223145913351
dnn_30_16_8_4,161,261.81133564199234,380.21623274563973
dnn_30_16_8_4,162,249.35592149403163,364.64287049408904
dnn_30_16_8_4,163,248.3065268908621,367.63880184087077
dnn_30_16_8_4,164,247.88352472286087,364.7161957711655
dnn_30_16_8_4,165,251.01796895317185,366.8268475972167
dnn_30_16_8_4,166,249.94711679949768,367.0821458169634
dnn_30_16_8_4,167,245.09211179477384,364.4276949331617
dnn_30_16_8_4,168,249.58652309292341,366.6315248490063
dnn_30_16_8_4,169,245.98621162580133,366.4646975123322
dnn_30_16_8_4,170,243.79579006382406,364.53908108557715
dnn_30_16_8_4,171,243.49499231649318,366.44026573069215
dnn_30_16_8_4,172,242.25809202435144,367.50127820006395
dnn_30_16_8_4,173,243.8378088445752,364.932751292689
dnn_30_16_8_4,174,241.91764544905928,368.148051920136
dnn_30_16_8_4,175,241.6581838002727,369.3059424768566
dnn_30_16_8_4,176,239.49242300048522,365.91046806677144
dnn_30_16_8_4,177,240.16221103364583,367.46936615998595
dnn_30_16_8_4,178,239.0425399333264,367.93871578708183
dnn_30_16_8_4,179,239.30140937453683,368.47751440111375
dnn_30_16_8_4,180,239.29340219322143,366.523912305055
dnn_30_16_8_4,181,236.57299636715396,366.34079487661785
dnn_30_16_8_4,182,236.95952961380942,366.2334876814711
dnn_30_16_8_4,183,241.3410682413994,369.37771879112637
dnn_30_16_8_4,184,236.77068355015277,371.3806619271335
dnn_30_16_8_4,185,234.6797841798982,367.9559848115772
dnn_30_16_8_4,186,234.23623572793082,368.3010223553446
dnn_30_16_8_4,187,234.1370684363384,366.2052811468421
dnn_30_16_8_4,188,234.87090456199138,368.11017049623524
dnn_30_16_8_4,189,233.09748699109676,371.04051864328807
dnn_30_16_8_4,190,247.76442570003823,375.94968312327353
dnn_30_16_8_4,191,246.3727166609711,374.2626214600497
dnn_30_16_8_4,192,233.70020662177856,370.75035678905346
dnn_30_16_8_4,193,230.84195508725696,369.87195188676844
dnn_30_16_8_4,194,229.88446726544223,370.05693253768067
dnn_30_16_8_4,195,233.18559706029424,368.6969220970051
dnn_30_16_8_4,196,230.77724865796026,371.25129153942675
dnn_30_16_8_4,197,228.30651104061155,370.8673397560834
dnn_30_16_8_4,198,229.25400378172876,372.0494980590902
dnn_30_16_8_4,199,226.61805344405423,368.6260015832869
dnn_30_16_8_4,200,227.2797499721789,368.73027812540994
dnn_30_16_8_4,201,227.60578074019878,367.3433956337564
dnn_30_16_8_4,202,229.1542635872621,376.49456191570505
dnn_30_16_8_4,203,227.89437386099593,373.37421471086833
dnn_30_16_8_4,204,231.72122987180234,381.61051807285173
dnn_30_16_8_4,205,231.23417050035823,381.6743339745002
dnn_30_16_8_4,206,222.24759929700605,368.931439586234
dnn_30_16_8_4,207,223.3828040135324,369.34782267262585
dnn_30_16_8_4,208,228.66370385080992,380.16731195135964
dnn_30_16_8_4,209,230.15367277297005,371.1773790968375
dnn_30_16_8_4,210,236.44599766361384,376.0582682515445
dnn_30_16_8_4,211,219.60821009100226,370.0863667150482
dnn_30_16_8_4,212,221.47198610754836,374.4041517201111
dnn_30_16_8_4,213,220.30511439697804,373.49769246868124
dnn_30_16_8_4,214,237.30826922555636,393.79237895561675
dnn_30_16_8_4,215,218.77665052856725,373.5984430838524
dnn_30_16_8_4,216,218.43487737676224,372.7323589181029
dnn_30_16_8_4,217,219.25093517226162,377.9025687358922
dnn_30_16_8_4,218,218.75727197943513,368.4290001181619
dnn_30_16_8_4,219,216.3320191423513,370.7713676123788
dnn_30_16_8_4,220,217.2787294958366,376.91677423799825
dnn_30_16_8_4,221,234.10122704388712,393.8018946770066
dnn_30_16_8_4,222,213.88980209263562,372.636457931723
dnn_30_16_8_4,223,213.01949196617778,370.27899086864704
dnn_30_16_8_4,224,212.73405887112511,374.6522601723678
dnn_30_16_8_4,225,212.72122685308398,370.31479959944585
dnn_30_16_8_4,226,211.4027411454952,372.3254008290094
dnn_30_16_8_4,227,212.1426953358468,374.8923137527006
dnn_30_16_8_4,228,210.4204537808857,373.73957201123
dnn_30_16_8_4,229,210.20086544591524,374.693610536836
dnn_30_16_8_4,230,211.40834047175358,376.993057092327
dnn_30_16_8_4,231,220.35252125365318,389.39980533504786
dnn_30_16_8_4,232,227.54482968352212,381.60771598463674
dnn_30_16_8_4,233,208.85161401895328,374.6045817716585
dnn_30_16_8_4,234,211.39052384977498,384.86849376583115
dnn_30_16_8_4,235,206.19712791310252,374.5090346941745
dnn_30_16_8_4,236,207.63889549443198,374.64545280016836
dnn_30_16_8_4,237,209.7424267342705,383.5276154266929
dnn_30_16_8_4,238,211.20540236089766,378.35233392389733
dnn_30_16_8_4,239,204.85676420820832,375.89908347121514
dnn_30_16_8_4,240,204.5176787387702,374.3667115608782
dnn_30_16_8_4,241,212.70519649747072,390.99701339388884
dnn_30_16_8_4,242,203.92266300564978,376.6243661647339
dnn_30_16_8_4,243,208.3426647086944,386.3367264835714
dnn_30_16_8_4,244,207.95839396546643,377.3982477234081
dnn_30_16_8_4,245,201.36988931910406,380.09952200372453
dnn_30_16_8_4,246,203.45731711713802,380.3120571399219
dnn_30_16_8_4,247,203.387685324233,375.78519801309244
dnn_30_16_8_4,248,205.12802333248808,376.74467927412655
dnn_30_16_8_4,249,203.04249933153307,377.60952470215216
dnn_30_16_8_4,250,203.1411347240256,386.81487471294093
tda_dnn_16_8_4,1,773.5928599169351,797.2435635619306
tda_dnn_16_8_4,2,769.94138379479,792.2804322863864
tda_dnn_16_8_4,3,766.327134146677,785.0258352524331
tda_dnn_16_8_4,4,761.6989987841964,778.8145418101002
tda_dnn_16_8_4,5,755.219641771167,765.2306660951928
tda_dnn_16_8_4,6,743.6479509748194,747.6928364054282
tda_dnn_16_8_4,7,729.0295106774103,724.5989441806383
tda_dnn_16_8_4,8,709.9745290401108,697.1168630974331
tda_dnn_16_8_4,9,687.6247608314699,668.7689158213759
tda_dnn_16_8_4,10,662.4784726491919,640.385367498117
tda_dnn_16_8_4,11,634.1750080625121,610.1555416920513
tda_dnn_16_8_4,12,607.3353040464308,584.4798321269274
tda_dnn_16_8_4,13,584.497643787589,563.3083422538579
tda_dnn_16_8_4,14,565.5414956746324,543.4828458585843
tda_dnn_16_8_4,15,549.7700408492,527.8262836624046
tda_dnn_16_8_4,16,537.5456794373515,519.3724548218971
tda_dnn_16_8_4,17,526.8444877066796,509.34350120147576
tda_dnn_16_8_4,18,517.3577259765046,501.24661829860605
tda_dnn_16_8_4,19,510.9908875557472,496.73383910527065
tda_dnn_16_8_4,20,504.1167479580506,488.6160458616336
tda_dnn_16_8_4,21,498.9811331584886,485.3001149605242
tda_dnn_16_8_4,22,493.2604597896501,477.7036075504841
tda_dnn_16_8_4,23,488.305996110965,473.40151664209935
tda_dnn_16_8_4,24,484.1738080826057,469.0304020272956
tda_dnn_16_8_4,25,479.8974970157034,463.7970797656725
tda_dnn_16_8_4,26,475.9970965833789,459.70720058860996
tda_dnn_16_8_4,27,472.96598754517913,454.2196020378036
tda_dnn_16_8_4,28,468.90906202327216,451.0335855379986
tda_dnn_16_8_4,29,465.405218713972,446.6801894699048
tda_dnn_16_8_4,30,462.8389889106808,444.17346646706574
tda_dnn_16_8_4,31,459.2094920911468,439.5029409809488
tda_dnn_16_8_4,32,455.7190043651088,433.14386446008615
tda_dnn_16_8_4,33,452.3511135871171,432.14878026157385
tda_dnn_16_8_4,34,450.57655359149936,432.102711196402
tda_dnn_16_8_4,35,446.5030132976201,427.09949444325053
tda_dnn_16_8_4,36,443.31756253042215,423.0431665721878
tda_dnn_16_8_4,37,440.7703005677018,422.3655662944393
tda_dnn_16_8_4,38,438.03204909375864,419.54885226861137
tda_dnn_16_8_4,39,435.1705216517054,418.9586697345415
tda_dnn_16_8_4,40,432.5450919900587,416.0941132935845
tda_dnn_16_8_4,41,429.9749926093901,415.310368028229
tda_dnn_16_8_4,42,427.33211859509277,413.76092348818497
tda_dnn_16_8_4,43,424.92507234871005,412.1642051616033
tda_dnn_16_8_4,44,422.6924914085845,411.3887513859544
tda_dnn_16_8_4,45,420.70127296272284,409.17444757027386
tda_dnn_16_8_4,46,417.73084770797703,408.1260348525764
tda_dnn_16_8_4,47,415.26742784869214,407.5117951595311
tda_dnn_16_8_4,48,412.8646061089934,406.0320578073387
tda_dnn_16_8_4,49,410.7884967271265,404.49248651227765
tda_dnn_16_8_4,50,408.77370021676694,404.93057916324955
tda_dnn_16_8_4,51,406.90898472450004,403.3443292069711
tda_dnn_16_8_4,52,404.86141028939795,401.80477928398597
tda_dnn_16_8_4,53,403.4785360934197,402.7422072141324
tda_dnn_16_8_4,54,401.47381898799944,401.10743987293154
tda_dnn_16_8_4,55,400.08918984000303,400.06153108004
tda_dnn_16_8_4,56,398.93620415723564,399.92302640599326
tda_dnn_16_8_4,57,397.57020383593647,398.8297009844262
tda_dnn_16_8_4,58,395.7491468059318,397.71020168866
tda_dnn_16_8_4,59,394.1923451991041,396.44250632152034
tda_dnn_16_8_4,60,393.1025929068735,394.3504706264618
tda_dnn_16_8_4,61,391.55317010673696,394.75567851215965
tda_dnn_16_8_4,62,390.08411243925593,392.3537771325629
tda_dnn_16_8_4,63,388.7176499227747,392.1401268051924
tda_dnn_16_8_4,64,387.7982056912135,391.9655997903276
tda_dnn_16_8_4,65,386.30240459444536,390.5438007453906
tda_dnn_16_8_4,66,384.9746923544698,389.2159460406642
tda_dnn_16_8_4,67,383.73822106017377,387.7352909221167
tda_dnn_16_8_4,68,383.0285293771383,386.6754546012131
tda_dnn_16_8_4,69,381.57602791259006,386.1319216601716
tda_dnn_16_8_4,70,380.142356587795,385.2223704583199
tda_dnn_16_8_4,71,378.62700428262394,384.80258342211
tda_dnn_16_8_4,72,377.2657270347203,383.5712447219374
tda_dnn_16_8_4,73,376.90441976608264,385.6608875807114
tda_dnn_16_8_4,74,375.6834754895661,385.180666635034
tda_dnn_16_8_4,75,373.7085336993501,382.63457172667773
tda_dnn_16_8_4,76,372.167283188378,381.30945918250075
tda_dnn_16_8_4,77,371.22134988833164,381.4083693116613
tda_dnn_16_8_4,78,369.87277132690593,380.63481495393927
tda_dnn_16_8_4,79,368.7387089709199,381.4898242992281
tda_dnn_16_8_4,80,367.6886406300143,380.81087139162014
tda_dnn_16_8_4,81,366.5315804408716,379.6953377866749
tda_dnn_16_8_4,82,366.27036682223496,380.3665545225009
tda_dnn_16_8_4,83,365.5104884059981,381.0044010876513
tda_dnn_16_8_4,84,364.1479347272674,379.5695720241789
tda_dnn_16_8_4,85,362.78025030050736,377.8882341471771
tda_dnn_16_8_4,86,362.787631795156,376.6400514118628
tda_dnn_16_8_4,87,361.9047062951051,377.8881694115962
tda_dnn_16_8_4,88,360.810092081275,376.17110273258635
tda_dnn_16_8_4,89,359.5163787992521,375.4616212973093
tda_dnn_16_8_4,90,359.1303116014343,375.84473974992227
tda_dnn_16_8_4,91,358.0972626287215,375.7628895024969
tda_dnn_16_8_4,92,357.28096499698626,374.9219889812831
tda_dnn_16_8_4,93,357.87285919591596,373.9812351899646
tda_dnn_16_8_4,94,356.6580972693528,373.7349461740741
tda_dnn_16_8_4,95,355.0424861872569,372.7287110464376
tda_dnn_16_8_4,96,354.2404459299497,372.5732286718991
tda_dnn_16_8_4,97,353.9421781725326,371.2811376886885
tda_dnn_16_8_4,98,352.97668345519304,372.0069907429346
tda_dnn_16_8_4,99,352.43422136693914,372.487410356477
tda_dnn_16_8_4,100,351.72865169384175,370.6461148795922
tda_dnn_16_8_4,101,350.82038218262005,371.2522646958136
tda_dnn_16_8_4,102,350.5048535665798,371.0152897603064
tda_dnn_16_8_4,103,349.3818815745945,370.22283433527474
tda_dnn_16_8_4,104,348.7039110736026,370.0461599368441
tda_dnn_16_8_4,105,348.33263560215596,369.9800510601484
tda_dnn_16_8_4,106,347.2796039413103,369.4039620236338
tda_dnn_16_8_4,107,347.49169661880137,369.40195013878827
tda_dnn_16_8_4,108,346.0635347857173,370.32256717597295
tda_dnn_16_8_4,109,345.3700880229164,369.80388400393656
tda_dnn_16_8_4,110,344.62454477156047,369.48269182469915
tda_dnn_16_8_4,111,344.12405094959865,368.8151583920105
tda_dnn_16_8_4,112,344.5010901997294,371.4278451416855
tda_dnn_16_8_4,113,343.1183008343909,369.0572105956571
tda_dnn_16_8_4,114,342.82763349271863,368.23829132229037
tda_dnn_16_8_4,115,341.82363355015025,369.45431552500264
tda_dnn_16_8_4,116,341.54576069526996,368.997965238483
tda_dnn_16_8_4,117,340.5776921822906,369.1977480297812
tda_dnn_16_8_4,118,340.0726666865486,370.13176546220575
tda_dnn_16_8_4,119,339.6543417443316,369.60921903744105
tda_dnn_16_8_4,120,340.41579388542993,371.83972659298007
tda_dnn_16_8_4,121,338.63148425040436,370.3807933803127
tda_dnn_16_8_4,122,338.8753043934536,370.84741385375537
tda_dnn_16_8_4,123,337.2582026659769,370.2508371554972
tda_dnn_16_8_4,124,336.8362580902032,370.5987264787478
tda_dnn_16_8_4,125,335.89502285252183,369.9268366852315
tda_dnn_16_8_4,126,335.46052465892143,369.4977047350604
tda_dnn_16_8_4,127,335.42782985022274,369.292927499909
tda_dnn_16_8_4,128,334.8693944035627,369.3846791156078
tda_dnn_16_8_4,129,335.2219065900397,371.35500455976825
tda_dnn_16_8_4,130,333.9998249280596,370.07086066655853
tda_dnn_16_8_4,131,333.5730456828718,369.6922533075429
tda_dnn_16_8_4,132,332.5483066079804,369.73346461318135
tda_dnn_16_8_4,133,332.0935007786712,369.2705901922075
tda_dnn_16_8_4,134,331.84791088529755,371.17353332959607
tda_dnn_16_8_4,135,330.994986516106,371.45782408945877
tda_dnn_16_8_4,136,330.50777140126274,371.4252517497056
tda_dnn_16_8_4,137,331.0832592673825,370.6629640222082
tda_dnn_16_8_4,138,329.51913583370157,371.7800919678184
tda_dnn_16_8_4,139,329.17441135413503,371.4990209124598
tda_dnn_16_8_4,140,328.67582214108137,371.3605110721321
tda_dnn_16_8_4,141,328.4029189383615,371.04577293538557
tda_dnn_16_8_4,142,327.7944865920854,373.286276357117
tda_dnn_16_8_4,143,327.41558522827114,373.5510114089836
tda_dnn_16_8_4,144,326.6478173695807,372.59753767150005
tda_dnn_16_8_4,145,325.920594076944,372.52118735767573
tda_dnn_16_8_4,146,325.6809136684299,372.3917444564974
tda_dnn_16_8_4,147,325.12777674161873,372.63838622538333
tda_dnn_16_8_4,148,325.0672816535551,372.55714578485316
tda_dnn_16_8_4,149,323.9257979617574,373.3309128308652
tda_dnn_16_8_4,150,323.58776649754566,373.9767716818037
tda_dnn_16_8_4,151,323.5448952767314,373.9812773423737
tda_dnn_16_8_4,152,322.5846168639969,373.6417382449057
tda_dnn_16_8_4,153,322.4311979480937,373.9299875647609
tda_dnn_16_8_4,154,321.4928165336009,373.8881435869664
tda_dnn_16_8_4,155,321.7503041168819,375.44494863992566
tda_dnn_16_8_4,156,320.5524549101806,375.0387043401896
tda_dnn_16_8_4,157,321.751521945423,378.0082720886255
tda_dnn_16_8_4,158,319.68181009851986,376.26106505008295
tda_dnn_16_8_4,159,319.1877211055417,376.1500578287999
tda_dnn_16_8_4,160,318.5001214191298,375.707444824699
tda_dnn_16_8_4,161,318.2602081591178,375.645275073358
tda_dnn_16_8_4,162,320.4200354178102,377.88979288026303
tda_dnn_16_8_4,163,319.23260348838784,378.1141173017476
tda_dnn_16_8_4,164,317.92684871843926,376.6841673305867
tda_dnn_16_8_4,165,316.74974013710596,376.8462926738721
tda_dnn_16_8_4,166,316.00792975055646,376.6680958769906
tda_dnn_16_8_4,167,315.6867420632742,376.0594632441931
tda_dnn_16_8_4,168,315.1831493882487,377.0691184831258
tda_dnn_16_8_4,169,314.38799396416243,376.6826518738324
tda_dnn_16_8_4,170,314.16043386021903,376.51688376171643
tda_dnn_16_8_4,171,314.09636202239716,376.65364987797153
tda_dnn_16_8_4,172,314.49672609895674,378.006985571297
tda_dnn_16_8_4,173,313.58525753606864,378.3667678402096
tda_dnn_16_8_4,174,313.5143925531193,378.7940925450765
tda_dnn_16_8_4,175,311.81213483857726,378.16825920224227
tda_dnn_16_8_4,176,311.67146748312035,379.3615157149664
tda_dnn_16_8_4,177,310.70394123080536,379.1215738953679
tda_dnn_16_8_4,178,310.4289593393772,379.5354471287098
tda_dnn_16_8_4,179,310.9648662662,380.69401635842615
tda_dnn_16_8_4,180,309.63758846835196,381.1079640912162
tda_dnn_16_8_4,181,309.4879948656079,380.76815433839755
tda_dnn_16_8_4,182,308.29553425507066,379.3045844588178
tda_dnn_16_8_4,183,308.2904629043874,380.3815163646377
tda_dnn_16_8_4,184,308.142167705663,381.25421728187416
tda_dnn_16_8_4,185,307.06376416772224,379.96593082011987
tda_dnn_16_8_4,186,306.76043499087,380.3023939017864
tda_dnn_16_8_4,187,306.6057732441504,380.8111519971309
tda_dnn_16_8_4,188,305.89182334532046,380.85210773122753
tda_dnn_16_8_4,189,306.34534647565414,381.3476365716109
tda_dnn_16_8_4,190,305.3340245656494,380.54994894306844
tda_dnn_16_8_4,191,304.79269773173814,382.8037380594463
tda_dnn_16_8_4,192,304.5173881044743,383.5054828377798
tda_dnn_16_8_4,193,304.75997876195015,383.8345478338503
tda_dnn_16_8_4,194,303.38772719797953,382.6352830066265
tda_dnn_16_8_4,195,303.03629905650723,382.5491343951566
tda_dnn_16_8_4,196,302.8057501269123,381.967459095968
tda_dnn_16_8_4,197,302.0874088298738,382.5205700104311
tda_dnn_16_8_4,198,301.633429881073,382.76956286486535
tda_dnn_16_8_4,199,301.9277057429054,383.62498943339506
tda_dnn_16_8_4,200,301.0850793581505,383.70883663594566
tda_dnn_16_8_4,201,300.6772734220579,384.39824441204297
tda_dnn_16_8_4,202,300.5591152270968,383.30948838417254
tda_dnn_16_8_4,203,301.3338578679652,384.14034565744265
tda_dnn_16_8_4,204,300.1375641522657,384.39915808757
tda_dnn_16_8_4,205,300.0945557217765,384.32604835034493
tda_dnn_16_8_4,206,299.2424921135193,385.0974528985448
tda_dnn_16_8_4,207,298.635766419163,384.03956562024825
tda_dnn_16_8_4,208,298.0142311201732,383.3172545013668
tda_dnn_16_8_4,209,297.8841547027677,383.1162330283284
tda_dnn_16_8_4,210,297.902024667616,384.1765502594636
tda_dnn_16_8_4,211,297.6572118635906,383.5941090654918
tda_dnn_16_8_4,212,296.69552136510833,384.3463768867643
tda_dnn_16_8_4,213,296.3900304610622,384.64970440505664
tda_dnn_16_8_4,214,295.875948518796,384.40453778958596
tda_dnn_16_8_4,215,295.91128537155066,384.6774194506996
tda_dnn_16_8_4,216,296.04429859577925,384.63795086612134
tda_dnn_16_8_4,217,295.2901281096576,385.4967828365102
tda_dnn_16_8_4,218,294.6203551655109,385.2101431120825
tda_dnn_16_8_4,219,294.184151208619,384.80945749102386
tda_dnn_16_8_4,220,294.3030721493586,385.85858207500553
tda_dnn_16_8_4,221,293.46857731775196,385.15707124629336
tda_dnn_16_8_4,222,295.15786956190055,386.8492764641387
tda_dnn_16_8_4,223,292.86336628180175,386.15643966578847
tda_dnn_16_8_4,224,294.0570643216913,386.6686205893031
tda_dnn_16_8_4,225,292.619322910348,384.9267571868272
tda_dnn_16_8_4,226,292.3709216681947,386.3310828724189
tda_dnn_16_8_4,227,292.1731398350251,385.4576648105487
tda_dnn_16_8_4,228,291.8589299694922,386.52828209136646
tda_dnn_16_8_4,229,291.3492991335415,386.13204852369506
tda_dnn_16_8_4,230,291.75503158824915,387.50850076308024
tda_dnn_16_8_4,231,291.09437085865096,387.1353000919969
tda_dnn_16_8_4,232,291.3418713775201,387.2211194731367
tda_dnn_16_8_4,233,290.68207587477383,387.1877582545746
tda_dnn_16_8_4,234,290.3695524431155,387.7275797716553
tda_dnn_16_8_4,235,289.7430216727196,386.6655155601851
tda_dnn_16_8_4,236,289.3421001550199,387.58718278273295
tda_dnn_16_8_4,237,289.34367429117873,388.31189956458917
tda_dnn_16_8_4,238,288.9834552180098,388.5262462161539
tda_dnn_16_8_4,239,288.8166026529208,387.98760349708425
tda_dnn_16_8_4,240,288.37127344161996,387.254461275856
tda_dnn_16_8_4,241,288.32858466227697,389.14070267202936
tda_dnn_16_8_4,242,287.7191372302621,389.1224785929613
tda_dnn_16_8_4,243,287.63027800880053,388.94412972954797
tda_dnn_16_8_4,244,288.2095011793694,388.3720050761095
tda_dnn_16_8_4,245,287.5731721269778,388.0866377586547
tda_dnn_16_8_4,246,287.34220068371883,389.440703814577
tda_dnn_16_8_4,247,286.74909164109977,389.2695925207648
tda_dnn_16_8_4,248,287.23546124818563,389.54923517038975
tda_dnn_16_8_4,249,287.41482675338654,390.85572628337934
tda_dnn_16_8_4,250,286.3316891849687,390.023791669664
